-- phpMyAdmin SQL Dump
-- version 4.5.4.1deb2ubuntu2.1
-- http://www.phpmyadmin.net
--
-- Servidor: localhost
-- Tiempo de generación: 12-10-2022 a las 20:30:44
-- Versión del servidor: 5.7.33-0ubuntu0.16.04.1-log
-- Versión de PHP: 7.0.33-0ubuntu0.16.04.16

SET SQL_MODE = "NO_AUTO_VALUE_ON_ZERO";
SET time_zone = "+00:00";


/*!40101 SET @OLD_CHARACTER_SET_CLIENT=@@CHARACTER_SET_CLIENT */;
/*!40101 SET @OLD_CHARACTER_SET_RESULTS=@@CHARACTER_SET_RESULTS */;
/*!40101 SET @OLD_COLLATION_CONNECTION=@@COLLATION_CONNECTION */;
/*!40101 SET NAMES utf8mb4 */;

--
-- Base de datos: `1.BD_LIBRERIAFB`
--

-- --------------------------------------------------------

--
-- Estructura de tabla para la tabla `ADQUIERE`
--

CREATE TABLE `ADQUIERE` (
  `NroBoleta` varchar(10) NOT NULL,
  `Rut` varchar(10) NOT NULL,
  `RutVendedor` varchar(10) NOT NULL,
  `Codigo` varchar(10) NOT NULL,
  `Cantidad` int(10) NOT NULL
) ENGINE=InnoDB DEFAULT CHARSET=utf8;

--
-- Volcado de datos para la tabla `ADQUIERE`
--

INSERT INTO `ADQUIERE` (`NroBoleta`, `Rut`, `RutVendedor`, `Codigo`, `Cantidad`) VALUES
('BLT000001', '151285622', '141039409', 'BKR286116', 7),
('BLT000001', '151285622', '141039409', 'BKX517115', 8),
('BLT000001', '151285622', '141039409', 'BKY968121', 9),
('BLT000002', '150324775', '160608095', 'BKR286116', 6),
('BLT000002', '150324775', '160608095', 'BKV880101', 3),
('BLT000003', '152600800', '149140256', 'BKA209111', 15),
('BLT000003', '152600800', '149140256', 'BKH242110', 11),
('BLT000003', '152600800', '149140256', 'BKS894746', 3),
('BLT000003', '152600800', '149140256', 'BKS979203', 5),
('BLT000004', '188774532', '166510489', 'BKO396111', 7),
('BLT000005', '199861818', '141039409', 'BKE968105', 6),
('BLT000005', '199861818', '141039409', 'BKH198115', 8),
('BLT000005', '199861818', '141039409', 'BKR451108', 7),
('BLT000005', '199861818', '141039409', 'BKR902101', 11),
('BLT000006', '127606151', '166510489', 'BKR869101', 14),
('BLT000007', '139360419', '142698703', 'BKH418101', 11),
('BLT000007', '139360419', '142698703', 'BKM19897', 14),
('BLT000008', '192071464', '166510489', 'BKH52873', 9),
('BLT000009', '163875967', '169457187', 'BKA605101', 3),
('BLT000010', '151285622', '147645305', 'BKA825117', 4),
('BLT000011', '187254448', '142698703', 'BKI583101', 14),
('BLT000011', '187254448', '142698703', 'BKO264103', 10),
('BLT000011', '187254448', '142698703', 'BKO781115', 9),
('BLT000011', '187254448', '142698703', 'BKO946100', 10),
('BLT000012', '174932310', '166510489', 'BKI46297', 11),
('BLT000013', '174739291', '142698703', 'BKA561115', 9),
('BLT000013', '174739291', '142698703', 'BKA583114', 11),
('BLT000014', '164345151', '166510489', 'BKE550115', 3),
('BLT000014', '164345151', '166510489', 'BKM19897', 3),
('BLT000015', '172732438', '160608095', 'BKH418101', 9),
('BLT000016', '152555555', '151184843', 'BKE814109', 14),
('BLT000016', '152555555', '151184843', 'BKH52873', 4),
('BLT000017', '159485380', '149140256', 'BKO616114', 2),
('BLT000018', '130201913', '142698703', 'BKM515144', 7),
('BLT000019', '181087480', '149140256', 'BKG649110', 2),
('BLT000019', '181087480', '149140256', 'BKN990105', 9),
('BLT000020', '103671897', '147645305', 'BKA825117', 5),
('BLT000020', '103671897', '147645305', 'BKO451115', 15),
('BLT000021', '159273472', '149140256', 'BKB792110', 12),
('BLT000022', '152600800', '147645305', 'BKH385101', 5),
('BLT000023', '128612977', '147645305', 'BKO264103', 9),
('BLT000024', '184889709', '166510489', 'BKH36332', 7),
('BLT000024', '184889709', '166510489', 'BKH528119', 7),
('BLT000024', '184889709', '166510489', 'BKS869109', 14),
('BLT000025', '199861818', '147645305', 'BKA561115', 13),
('BLT000025', '199861818', '147645305', 'BKL594108', 3),
('BLT000026', '175796699', '149140256', 'BKE759121', 1),
('BLT000026', '175796699', '149140256', 'BKO924101', 11),
('BLT000027', '151751937', '160608095', 'BKE935107', 10),
('BLT000027', '151751937', '160608095', 'BKH880117', 7),
('BLT000027', '151751937', '160608095', 'BKO627115', 9),
('BLT000028', '117013659', '147645305', 'BKO74879', 5),
('BLT000028', '117013659', '147645305', 'BKR286116', 10),
('BLT000029', '153989552', '147645305', 'BKR781100', 1),
('BLT000029', '153989552', '147645305', 'BKR946100', 13),
('BLT000030', '117035232', '169457187', 'BKE77099', 13),
('BLT000031', '165861175', '151184843', 'BKA484111', 13),
('BLT000031', '165861175', '151184843', 'BKA75997', 1),
('BLT000031', '165861175', '151184843', 'BKL429114', 8),
('BLT000031', '165861175', '151184843', 'BKO462121', 7),
('BLT000031', '165861175', '151184843', 'BKO616114', 7),
('BLT000031', '165861175', '151184843', 'BKV880101', 5),
('BLT000032', '102321643', '160608095', 'BKU561118', 9),
('BLT000033', '151751937', '166510489', 'BKA990115', 3),
('BLT000033', '151751937', '166510489', 'BKI561116', 6),
('BLT000034', '104450027', '166510489', 'BKC550110', 7),
('BLT000034', '104450027', '166510489', 'BKH935115', 4),
('BLT000035', '139767664', '142698703', 'BKH121107', 14),
('BLT000035', '139767664', '142698703', 'BKH50699', 8),
('BLT000036', '130201913', '166510489', 'BKU297101', 6),
('BLT000036', '130201913', '166510489', 'BKX517115', 3),
('BLT000037', '103671897', '141039409', 'BKA902101', 12),
('BLT000038', '165056172', '142698703', 'BKH187115', 15),
('BLT000039', '130201913', '147645305', 'BKA605101', 4),
('BLT000039', '130201913', '147645305', 'BKE165114', 4),
('BLT000039', '130201913', '147645305', 'BKH74886', 1),
('BLT000040', '188774532', '151184843', 'BKA506108', 4),
('BLT000040', '188774532', '151184843', 'BKH30886', 6),
('BLT000040', '188774532', '151184843', 'BKH72673', 8),
('BLT000041', '129081058', '142698703', 'BKA143104', 1),
('BLT000041', '129081058', '142698703', 'BKH253110', 3),
('BLT000042', '177432249', '160608095', 'BKO176108', 1),
('BLT000043', '166469021', '166510489', 'BKU429105', 9),
('BLT000044', '152600800', '142698703', 'BKE649111', 13),
('BLT000044', '152600800', '142698703', 'BKH638110', 2),
('BLT000044', '152600800', '142698703', 'BKN319105', 10),
('BLT000045', '175796699', '160608095', 'BKH979103', 14),
('BLT000046', '174932310', '151184843', 'BKU132115', 15),
('BLT000047', '150855222', '147645305', 'BKI726116', 5),
('BLT000047', '150855222', '147645305', 'BKN11099', 14),
('BLT000047', '150855222', '147645305', 'BKN418110', 12),
('BLT000048', '50598', '142698703', 'BKE561103', 10),
('BLT000048', '50598', '142698703', 'BKH94699', 3),
('BLT000048', '50598', '142698703', 'BKM19897', 5),
('BLT000048', '50598', '142698703', 'BKR462117', 8),
('BLT000048', '50598', '142698703', 'BKR693103', 3),
('BLT000049', '191496773', '151184843', 'BKH13298', 7),
('BLT000049', '191496773', '151184843', 'BKR198115', 2),
('BLT000050', '172732438', '149140256', 'BKN473101', 11),
('BLT000051', '170079121', '169457187', 'BKH30886', 2),
('BLT000051', '170079121', '169457187', 'BKH72673', 12),
('BLT000052', '186819188', '169457187', 'BKA143104', 2),
('BLT000052', '186819188', '169457187', 'BKH253110', 1),
('BLT000053', '139767664', '141039409', 'BKN319105', 13),
('BLT000053', '139767664', '141039409', 'BKO176108', 8),
('BLT000053', '139767664', '141039409', 'BKU429105', 3),
('BLT000054', '104450027', '142698703', 'BKE649111', 7),
('BLT000054', '104450027', '142698703', 'BKH638110', 15),
('BLT000054', '104450027', '142698703', 'BKH979103', 7),
('BLT000054', '104450027', '142698703', 'BKR902101', 4),
('BLT000055', '191496773', '147645305', 'BKE968105', 4),
('BLT000055', '191496773', '147645305', 'BKH418101', 13),
('BLT000055', '191496773', '147645305', 'BKM19897', 1),
('BLT000055', '191496773', '147645305', 'BKR869101', 12),
('BLT000056', '104015629', '151184843', 'BKH52873', 11),
('BLT000057', '174932310', '169457187', 'BKE814109', 15),
('BLT000057', '174932310', '169457187', 'BKO616114', 2),
('BLT000058', '104981567', '169457187', 'BKM515144', 13),
('BLT000059', '119647692', '151184843', 'BKE308119', 7),
('BLT000059', '119647692', '151184843', 'BKN990105', 1),
('BLT000060', '180404885', '151184843', 'BKI46297', 13),
('BLT000061', '102891124', '149140256', 'BKN220101', 7),
('BLT000062', '128612977', '147645305', 'BKI748111', 12),
('BLT000063', '156146364', '147645305', 'BKI198100', 13),
('BLT000064', '131607860', '151184843', 'BKE814115', 3),
('BLT000065', '117013659', '151184843', 'BKH638114', 12),
('BLT000066', '139360419', '169457187', 'BKH880121', 13),
('BLT000067', '176645101', '141039409', 'BKE165114', 8),
('BLT000067', '176645101', '141039409', 'BKH187115', 12),
('BLT000068', '188774532', '160608095', 'BKI407120', 15),
('BLT000069', '102891124', '160608095', 'BKP550115', 10),
('BLT000070', '106214857', '149140256', 'BKH60541', 14),
('BLT000071', '103671897', '147645305', 'BKP68297', 9),
('BLT000072', '176645101', '151184843', 'BKH13298', 15),
('BLT000073', '163903293', '151184843', 'BKA352105', 2),
('BLT000073', '163903293', '151184843', 'BKH528119', 15),
('BLT000073', '163903293', '151184843', 'BKS869109', 11),
('BLT000074', '125715021', '166510489', 'BKA561115', 5),
('BLT000074', '125715021', '166510489', 'BKL594108', 14),
('BLT000074', '125715021', '166510489', 'BKO924101', 10),
('BLT000075', '129081058', '160608095', 'BKE759121', 8),
('BLT000076', '172107816', '147645305', 'BKE935107', 15),
('BLT000076', '172107816', '147645305', 'BKO396111', 9),
('BLT000077', '102891124', '166510489', 'BKI275117', 13),
('BLT000078', '112138192', '151184843', 'BKA990115', 5),
('BLT000079', '173287688', '141039409', 'BKA770111', 12),
('BLT000079', '173287688', '141039409', 'BKE627101', 11),
('BLT000079', '173287688', '141039409', 'BKU429105', 5),
('BLT000080', '139767664', '142698703', 'BKU297101', 12),
('BLT000081', '183595660', '149140256', 'BKA506108', 6),
('BLT000082', '199861818', '147645305', 'BKE253114', 6),
('BLT000082', '199861818', '147645305', 'BKE96887', 5),
('BLT000082', '199861818', '147645305', 'BKW385101', 12),
('BLT000083', '192071464', '142698703', 'BKG342988', 15),
('BLT000084', '117013659', '142698703', 'BKR682117', 4),
('BLT000085', '130201913', '160608095', 'BKA748111', 9),
('BLT000085', '130201913', '160608095', 'BKI583101', 9),
('BLT000085', '130201913', '160608095', 'BKN11099', 4),
('BLT000086', '164345151', '147645305', 'BKE561103', 15),
('BLT000086', '164345151', '147645305', 'BKR693103', 11),
('BLT000087', '184889709', '141039409', 'BKF726116', 8),
('BLT000087', '184889709', '141039409', 'BKH70499', 2),
('BLT000087', '184889709', '141039409', 'BKY25397', 6),
('BLT000088', '170079121', '141039409', 'BKI726116', 1),
('BLT000089', '139360419', '142698703', 'BKG649110', 10),
('BLT000090', '174739291', '166510489', 'BKH86973', 4),
('BLT000091', '163903293', '169457187', 'BKE308119', 2),
('BLT000092', '133378296', '142698703', 'BKA902101', 10),
('BLT000093', '180630452', '149140256', 'BKE165114', 2),
('BLT000093', '180630452', '149140256', 'BKH187115', 1),
('BLT000094', '192901620', '147645305', 'BKA605101', 9),
('BLT000095', '139360419', '166510489', 'BKH74886', 3),
('BLT000096', '184889709', '147645305', 'BKA506108', 4),
('BLT000097', '188983541', '149140256', 'BKH72673', 7),
('BLT000098', '141462022', '147645305', 'BKI132115', 5),
('BLT000098', '141462022', '147645305', 'BKI616108', 7),
('BLT000099', '176562977', '166510489', 'BKA968115', 7),
('BLT000099', '176562977', '166510489', 'BKG341115', 15),
('BLT000100', '189549041', '147645305', 'BKA561115', 3),
('BLT000101', '155746177', '141039409', 'BKH165110', 4),
('BLT000102', '168757797', '169457187', 'BKE27565', 11),
('BLT000102', '168757797', '169457187', 'BKH528116', 15),
('BLT000102', '168757797', '169457187', 'BKO264103', 11),
('BLT000103', '180384682', '147645305', 'BKE253109', 10),
('BLT000104', '166430225', '160608095', 'BKA968115', 15),
('BLT000104', '166430225', '160608095', 'BKH86973', 4),
('BLT000105', '185355573', '149140256', 'BKA902101', 10),
('BLT000105', '185355573', '149140256', 'BKE308119', 1),
('BLT000106', '131607860', '160608095', 'BKE165114', 3),
('BLT000106', '131607860', '160608095', 'BKH187115', 7),
('BLT000107', '197919840', '149140256', 'BKE935107', 8),
('BLT000108', '148643430', '151184843', 'BKD583114', 13),
('BLT000108', '148643430', '151184843', 'BKU803101', 8),
('BLT000109', '150324775', '151184843', 'BKH121107', 2),
('BLT000110', '187254448', '147645305', 'BKR198115', 8),
('BLT000110', '187254448', '147645305', 'BKX517115', 5),
('BLT000111', '148622186', '151184843', 'BKC550110', 1),
('BLT000111', '148622186', '151184843', 'BKC957115', 2),
('BLT000111', '148622186', '151184843', 'BKO286116', 7),
('BLT000112', '159273472', '141039409', 'BKG341115', 6),
('BLT000113', '159485380', '149140256', 'BKA561115', 5),
('BLT000113', '159485380', '149140256', 'BKH165110', 10),
('BLT000113', '159485380', '149140256', 'BKO264103', 10),
('BLT000114', '148622186', '147645305', 'BKH528116', 12),
('BLT000115', '199861818', '160608095', 'BKH836121', 4),
('BLT000115', '199861818', '160608095', 'BKL594108', 15),
('BLT000116', '146655167', '147645305', 'BKA429115', 2),
('BLT000117', '197825780', '166510489', 'BKL462101', 6),
('BLT000118', '117035232', '142698703', 'BKE77099', 13),
('BLT000118', '117035232', '142698703', 'BKG781115', 4),
('BLT000118', '117035232', '142698703', 'BKH74886', 15),
('BLT000119', '185773325', '160608095', 'BKA506108', 5),
('BLT000120', '185355573', '147645305', 'BKH30886', 9),
('BLT000120', '185355573', '147645305', 'BKH72673', 7),
('BLT000121', '175796699', '169457187', 'BKA143104', 15),
('BLT000121', '175796699', '169457187', 'BKH253110', 4),
('BLT000122', '166430225', '160608095', 'BKN319105', 11),
('BLT000122', '166430225', '160608095', 'BKO176108', 15),
('BLT000122', '166430225', '160608095', 'BKU429105', 3),
('BLT000123', '150855222', '166510489', 'BKE649111', 15),
('BLT000124', '152555555', '169457187', 'BKH638110', 14),
('BLT000124', '152555555', '169457187', 'BKH979103', 10),
('BLT000124', '152555555', '169457187', 'BKI407120', 5),
('BLT000125', '139758402', '151184843', 'BKP550115', 10),
('BLT000126', '191496773', '141039409', 'BKH60541', 6),
('BLT000126', '191496773', '141039409', 'BKP68297', 9),
('BLT000127', '176562977', '149140256', 'BKH13298', 13),
('BLT000128', '172732438', '160608095', 'BKA352105', 11),
('BLT000128', '172732438', '160608095', 'BKL597918', 7),
('BLT000129', '197654822', '141039409', 'BKR946100', 13),
('BLT000130', '151161005', '166510489', 'BKE308109', 15),
('BLT000130', '151161005', '166510489', 'BKH880117', 9),
('BLT000131', '150324775', '169457187', 'BKR143108', 14),
('BLT000132', '181734490', '142698703', 'BKG775830', 5),
('BLT000132', '181734490', '142698703', 'BKI90263', 13),
('BLT000133', '188983541', '141039409', 'BKH242110', 2),
('BLT000134', '122469398', '149140256', 'BKA319115', 12),
('BLT000135', '104015629', '166510489', 'BKH198115', 2),
('BLT000135', '104015629', '166510489', 'BKO396111', 9),
('BLT000135', '104015629', '166510489', 'BKR451108', 1),
('BLT000136', '122469398', '169457187', 'BKR902101', 3),
('BLT000137', '163903293', '142698703', 'BKE968105', 15),
('BLT000137', '163903293', '142698703', 'BKR869101', 3),
('BLT000138', '127606151', '151184843', 'BKM19897', 4),
('BLT000139', '185810243', '151184843', 'BKH165110', 13),
('BLT000140', '197919840', '151184843', 'BKH528116', 8),
('BLT000140', '197919840', '151184843', 'BKO264103', 12),
('BLT000141', '187254448', '166510489', 'BKL594108', 13),
('BLT000142', '152555555', '149140256', 'BKH836121', 7),
('BLT000143', '152555555', '151184843', 'BKA429115', 8),
('BLT000143', '152555555', '151184843', 'BKG781115', 9),
('BLT000143', '152555555', '151184843', 'BKL462101', 10),
('BLT000144', '166469021', '166510489', 'BKE77099', 4),
('BLT000145', '184348736', '141039409', 'BKL96856', 2),
('BLT000146', '125715021', '169457187', 'BKR682117', 3),
('BLT000146', '125715021', '169457187', 'BKY20998', 11),
('BLT000147', '117035232', '141039409', 'BKN660111', 13),
('BLT000148', '128612977', '166510489', 'BKH154121', 5),
('BLT000149', '112138192', '142698703', 'BKI187108', 6),
('BLT000149', '112138192', '142698703', 'BKM19897', 14),
('BLT000149', '112138192', '142698703', 'BKR330110', 12),
('BLT000150', '102891124', '169457187', 'BKA407101', 11),
('BLT000151', '181087480', '147645305', 'BKA143104', 2),
('BLT000152', '150324775', '169457187', 'BKO462121', 7),
('BLT000153', '151285622', '141039409', 'BKO16597', 8),
('BLT000153', '151285622', '141039409', 'BKO23163', 9),
('BLT000154', '181087480', '169457187', 'BKY550101', 10),
('BLT000155', '160491381', '160608095', 'BKR869101', 6),
('BLT000156', '197825780', '142698703', 'BKH418101', 9),
('BLT000156', '197825780', '142698703', 'BKM19897', 13),
('BLT000157', '146655167', '147645305', 'BKE814109', 13),
('BLT000157', '146655167', '147645305', 'BKH52873', 14),
('BLT000158', '106648787', '169457187', 'BKO616114', 6),
('BLT000159', '174932310', '149140256', 'BKM515144', 4),
('BLT000159', '174932310', '149140256', 'BKN990105', 15),
('BLT000160', '50598', '147645305', 'BKG649110', 14),
('BLT000161', '180404885', '151184843', 'BKA825117', 9),
('BLT000161', '180404885', '151184843', 'BKG781115', 7),
('BLT000162', '102321643', '160608095', 'BKE77099', 12),
('BLT000163', '191496773', '166510489', 'BKL96856', 5),
('BLT000164', '187254448', '160608095', 'BKR682117', 7),
('BLT000164', '187254448', '160608095', 'BKY20998', 9),
('BLT000165', '125715021', '166510489', 'BKA748111', 7),
('BLT000166', '197654822', '147645305', 'BKI583101', 11),
('BLT000166', '197654822', '147645305', 'BKN11099', 10),
('BLT000167', '160491381', '166510489', 'BKR693103', 12),
('BLT000168', '135460975', '141039409', 'BKA209111', 3),
('BLT000168', '135460975', '141039409', 'BKO121110', 10),
('BLT000169', '185810243', '149140256', 'BKG334519', 11),
('BLT000170', '159737366', '151184843', 'BKH385101', 8),
('BLT000171', '197919840', '160608095', 'BKA583114', 4),
('BLT000171', '197919840', '160608095', 'BKH253112', 11),
('BLT000172', '185810243', '147645305', 'BKE968105', 13),
('BLT000173', '141462022', '142698703', 'BKH36332', 10),
('BLT000173', '141462022', '142698703', 'BKU132121', 7),
('BLT000174', '184889709', '151184843', 'BKO38532', 15),
('BLT000174', '184889709', '151184843', 'BKY550101', 9),
('BLT000175', '184348736', '166510489', 'BKS869109', 13),
('BLT000176', '192901620', '151184843', 'BKR781100', 15),
('BLT000176', '192901620', '151184843', 'BKU242109', 15),
('BLT000177', '150868260', '147645305', 'BKN110111', 1),
('BLT000178', '104981567', '166510489', 'BKO627115', 3),
('BLT000179', '192071464', '149140256', 'BKH86973', 1),
('BLT000179', '192071464', '149140256', 'BKN473101', 1),
('BLT000180', '172732438', '166510489', 'BKO85857', 15),
('BLT000181', '165056172', '142698703', 'BKY968121', 4),
('BLT000182', '189549041', '160608095', 'BKA319115', 10),
('BLT000182', '189549041', '160608095', 'BKG957101', 12),
('BLT000183', '102321643', '149140256', 'BKY968121', 1),
('BLT000184', '180384682', '142698703', 'BKR286116', 10),
('BLT000184', '180384682', '142698703', 'BKV880101', 12),
('BLT000185', '106648787', '169457187', 'BKH121101', 9),
('BLT000186', '180630452', '142698703', 'BKA209111', 2),
('BLT000186', '180630452', '142698703', 'BKH242110', 15),
('BLT000187', '199861818', '169457187', 'BKA319115', 5),
('BLT000188', '113687646', '169457187', 'BKO396111', 8),
('BLT000188', '113687646', '169457187', 'BKR451108', 13),
('BLT000189', '155746177', '141039409', 'BKH198115', 13),
('BLT000190', '122469398', '169457187', 'BKA297101', 8),
('BLT000191', '183595660', '149140256', 'BKH418101', 4),
('BLT000191', '183595660', '149140256', 'BKN649115', 9),
('BLT000192', '184748677', '141039409', 'BKG550115', 5),
('BLT000192', '184748677', '141039409', 'BKL429114', 7),
('BLT000193', '183997783', '142698703', 'BKH121101', 6),
('BLT000194', '104981567', '160608095', 'BKN880115', 6),
('BLT000195', '50130', '141039409', 'BKH74886', 8),
('BLT000195', '50130', '141039409', 'BKY902100', 13),
('BLT000196', '163903293', '160608095', 'BKN660111', 4),
('BLT000197', '106648787', '142698703', 'BKH154121', 7),
('BLT000198', '148622186', '166510489', 'BKE77099', 6),
('BLT000198', '148622186', '166510489', 'BKM19897', 15),
('BLT000199', '117013659', '141039409', 'BKL96856', 10),
('BLT000200', '159737366', '147645305', 'BKY20998', 5),
('BLT000201', '163903293', '160608095', 'BKA748111', 3),
('BLT000201', '163903293', '160608095', 'BKR682117', 13),
('BLT000202', '192071464', '142698703', 'BKI583101', 4),
('BLT000203', '136739269', '160608095', 'BKN11099', 12),
('BLT000203', '136739269', '160608095', 'BKR693103', 4),
('BLT000204', '163875967', '169457187', 'BKE561103', 1),
('BLT000204', '163875967', '169457187', 'BKH70499', 1),
('BLT000205', '183997783', '142698703', 'BKY25397', 7),
('BLT000206', '104450027', '169457187', 'BKF726116', 5),
('BLT000207', '185773325', '149140256', 'BKI726116', 7),
('BLT000208', '191496773', '166510489', 'BKG649110', 1),
('BLT000209', '117013659', '141039409', 'BKE253114', 2),
('BLT000210', '148622186', '149140256', 'BKE96887', 3),
('BLT000210', '148622186', '149140256', 'BKW385101', 13),
('BLT000211', '106214857', '147645305', 'BKG342988', 5),
('BLT000212', '117035232', '160608095', 'BKH198115', 1),
('BLT000213', '104450027', '142698703', 'BKN462110', 11),
('BLT000213', '104450027', '142698703', 'BKU132115', 4),
('BLT000214', '163903293', '141039409', 'BKA75997', 3),
('BLT000215', '188774532', '141039409', 'BKR660103', 6),
('BLT000216', '119647692', '160608095', 'BKA286119', 3),
('BLT000216', '119647692', '160608095', 'BKA297101', 15),
('BLT000216', '119647692', '160608095', 'BKO396114', 5),
('BLT000217', '157736874', '147645305', 'BKH418101', 5),
('BLT000218', '180404885', '151184843', 'BKN649115', 6),
('BLT000219', '197919840', '147645305', 'BKE165114', 2),
('BLT000219', '197919840', '147645305', 'BKH187115', 3),
('BLT000220', '139767664', '149140256', 'BKI407120', 4),
('BLT000221', '180384682', '151184843', 'BKP550115', 2),
('BLT000222', '175796699', '166510489', 'BKH60541', 8),
('BLT000223', '197919840', '149140256', 'BKH13298', 6),
('BLT000223', '197919840', '149140256', 'BKP68297', 1),
('BLT000224', '155746177', '149140256', 'BKA352105', 1),
('BLT000225', '172107816', '169457187', 'BKL597918', 14),
('BLT000226', '139767664', '169457187', 'BKA209111', 13),
('BLT000227', '159273472', '151184843', 'BKA319115', 3),
('BLT000227', '159273472', '151184843', 'BKH242110', 7),
('BLT000228', '174272287', '141039409', 'BKO396111', 13),
('BLT000228', '174272287', '141039409', 'BKR451108', 7),
('BLT000229', '153989552', '149140256', 'BKH198115', 6),
('BLT000229', '153989552', '149140256', 'BKR902101', 1),
('BLT000230', '181734490', '149140256', 'BKE968105', 13),
('BLT000231', '176562977', '160608095', 'BKM19897', 2),
('BLT000231', '176562977', '160608095', 'BKR869101', 4),
('BLT000232', '113464641', '142698703', 'BKE165114', 6),
('BLT000232', '113464641', '142698703', 'BKH187115', 14),
('BLT000233', '150324775', '166510489', 'BKA605101', 15),
('BLT000234', '102321643', '166510489', 'BKA506108', 12),
('BLT000234', '102321643', '166510489', 'BKH72673', 13),
('BLT000234', '102321643', '166510489', 'BKH74886', 14),
('BLT000235', '129081058', '169457187', 'BKH30886', 6),
('BLT000236', '192071464', '160608095', 'BKA143104', 10),
('BLT000237', '166469021', '169457187', 'BKH253110', 14),
('BLT000237', '166469021', '169457187', 'BKY968121', 15),
('BLT000238', '127606151', '169457187', 'BKG957101', 13),
('BLT000239', '191496773', '151184843', 'BKA319115', 5),
('BLT000239', '191496773', '151184843', 'BKE253109', 14),
('BLT000240', '152600800', '141039409', 'BKC198121', 13),
('BLT000240', '152600800', '141039409', 'BKO209111', 3),
('BLT000241', '148643430', '169457187', 'BKO616114', 12),
('BLT000241', '148643430', '169457187', 'BKW38563', 7),
('BLT000242', '113464641', '141039409', 'BKH649107', 13),
('BLT000243', '155746177', '160608095', 'BKI132115', 10),
('BLT000243', '155746177', '160608095', 'BKI616108', 8),
('BLT000244', '165056172', '151184843', 'BKE935107', 8),
('BLT000245', '117013659', '141039409', 'BKH880117', 12),
('BLT000246', '112138192', '141039409', 'BKH50699', 8),
('BLT000246', '112138192', '141039409', 'BKO627115', 7),
('BLT000247', '153989552', '166510489', 'BKH935115', 2),
('BLT000248', '160491381', '149140256', 'BKE253109', 1),
('BLT000248', '160491381', '149140256', 'BKE27565', 14),
('BLT000249', '183997783', '141039409', 'BKA968115', 12),
('BLT000250', '180404885', '151184843', 'BKH86973', 3),
('BLT000250', '180404885', '151184843', 'BKO616114', 7),
('BLT000251', '157736874', '142698703', 'BKH649107', 6),
('BLT000252', '192071464', '166510489', 'BKI132115', 10),
('BLT000253', '135460975', '147645305', 'BKA968115', 5),
('BLT000253', '135460975', '147645305', 'BKI616108', 7),
('BLT000254', '150868260', '149140256', 'BKG341115', 12),
('BLT000255', '188774532', '166510489', 'BKA561115', 9),
('BLT000256', '128612977', '149140256', 'BKH165110', 2),
('BLT000256', '128612977', '149140256', 'BKO264103', 15),
('BLT000257', '197825780', '149140256', 'BKH50699', 8),
('BLT000258', '102891124', '169457187', 'BKE110101', 10),
('BLT000259', '141462022', '147645305', 'BKO176108', 7),
('BLT000260', '141462022', '142698703', 'BKO946100', 8),
('BLT000261', '197825780', '160608095', 'BKI968100', 7),
('BLT000262', '166430225', '149140256', 'BKR605115', 2),
('BLT000262', '166430225', '149140256', 'BKR902101', 15),
('BLT000263', '151751937', '169457187', 'BKL594108', 7),
('BLT000264', '199900240', '151184843', 'BKO924101', 13),
('BLT000265', '129081058', '149140256', 'BKE759121', 11),
('BLT000265', '129081058', '149140256', 'BKE935107', 9),
('BLT000266', '197919840', '147645305', 'BKH880117', 8),
('BLT000267', '125715021', '142698703', 'BKO627115', 5),
('BLT000268', '119647692', '149140256', 'BKH50699', 13),
('BLT000269', '129081058', '160608095', 'BKH935115', 13),
('BLT000269', '129081058', '160608095', 'BKI968100', 9),
('BLT000270', '197654822', '147645305', 'BKR902101', 10),
('BLT000271', '165056172', '149140256', 'BKR605115', 4),
('BLT000272', '166469021', '141039409', 'BKN616111', 4),
('BLT000273', '150868260', '142698703', 'BKE935107', 4),
('BLT000274', '131607860', '169457187', 'BKD583114', 11),
('BLT000275', '135460975', '169457187', 'BKH121107', 6),
('BLT000275', '135460975', '169457187', 'BKU803101', 9),
('BLT000276', '172107816', '151184843', 'BKX517115', 14),
('BLT000277', '113464641', '142698703', 'BKR198115', 9),
('BLT000278', '189549041', '169457187', 'BKC957115', 13),
('BLT000279', '102321643', '151184843', 'BKC550110', 9),
('BLT000280', '150868260', '149140256', 'BKU429105', 12),
('BLT000281', '146655167', '166510489', 'BKA506108', 2),
('BLT000281', '146655167', '166510489', 'BKE253114', 1),
('BLT000281', '146655167', '166510489', 'BKU297101', 12),
('BLT000282', '139360419', '166510489', 'BKW385101', 8),
('BLT000283', '197919840', '147645305', 'BKE96887', 5),
('BLT000283', '197919840', '147645305', 'BKO924101', 2),
('BLT000284', '185773325', '166510489', 'BKE759121', 3),
('BLT000285', '172107816', '141039409', 'BKE935107', 5),
('BLT000286', '108454364', '160608095', 'BKH880117', 6),
('BLT000287', '136739269', '166510489', 'BKO627115', 3),
('BLT000288', '149051645', '166510489', 'BKH198115', 13),
('BLT000288', '149051645', '166510489', 'BKR451108', 10),
('BLT000289', '199861818', '141039409', 'BKR902101', 15),
('BLT000290', '199861818', '169457187', 'BKE968105', 8),
('BLT000291', '130201913', '142698703', 'BKR869101', 8),
('BLT000292', '135460975', '151184843', 'BKM19897', 6),
('BLT000293', '173287688', '141039409', 'BKH418101', 3),
('BLT000294', '139758402', '169457187', 'BKE814109', 8),
('BLT000294', '139758402', '169457187', 'BKH52873', 14),
('BLT000294', '139758402', '169457187', 'BKO616114', 12),
('BLT000295', '153989552', '141039409', 'BKM515144', 9),
('BLT000296', '176645101', '166510489', 'BKN990105', 5),
('BLT000297', '183595660', '169457187', 'BKH638110', 6),
('BLT000298', '152600800', '149140256', 'BKO561109', 8),
('BLT000298', '152600800', '149140256', 'BKO770114', 14),
('BLT000299', '172732438', '169457187', 'BKH330100', 15),
('BLT000300', '132036593', '166510489', 'BKS900832', 9),
('BLT000301', '103671897', '147645305', 'BKI550115', 6),
('BLT000301', '103671897', '147645305', 'BKY550101', 5),
('BLT000302', '199861818', '147645305', 'BKO38532', 8),
('BLT000303', '164345151', '151184843', 'BKS869109', 3),
('BLT000304', '136739269', '147645305', 'BKU242109', 4),
('BLT000305', '180404885', '160608095', 'BKN110111', 5),
('BLT000305', '180404885', '160608095', 'BKN616111', 8),
('BLT000305', '180404885', '160608095', 'BKR781100', 1),
('BLT000305', '180404885', '160608095', 'BKX517115', 5),
('BLT000305', '180404885', '160608095', 'BKY968121', 9),
('BLT000306', '166430225', '160608095', 'BKR286116', 6),
('BLT000307', '166469021', '149140256', 'BKV880101', 11),
('BLT000308', '195615344', '166510489', 'BKH121101', 4),
('BLT000309', '180404885', '160608095', 'BKA209111', 5),
('BLT000310', '172107816', '147645305', 'BKA319115', 13),
('BLT000310', '172107816', '147645305', 'BKH242110', 11),
('BLT000311', '172107816', '169457187', 'BKA902101', 5),
('BLT000311', '172107816', '169457187', 'BKE165114', 5),
('BLT000311', '172107816', '169457187', 'BKH187115', 1),
('BLT000312', '172107816', '149140256', 'BKA605101', 7),
('BLT000313', '108454364', '149140256', 'BKH74886', 13),
('BLT000314', '150868260', '142698703', 'BKA506108', 11),
('BLT000315', '155746177', '147645305', 'BKH30886', 12),
('BLT000315', '155746177', '147645305', 'BKH72673', 12),
('BLT000316', '113687646', '169457187', 'BKA143104', 15),
('BLT000317', '157736874', '149140256', 'BKH253110', 7),
('BLT000318', '181087480', '141039409', 'BKE363110', 5),
('BLT000319', '150868260', '169457187', 'BKH50699', 14),
('BLT000319', '150868260', '169457187', 'BKR869101', 9),
('BLT000320', '184889709', '169457187', 'BKE110101', 1),
('BLT000321', '108454364', '142698703', 'BKO176108', 8),
('BLT000322', '139360419', '141039409', 'BKO946100', 14),
('BLT000323', '181087480', '147645305', 'BKI968100', 9),
('BLT000323', '181087480', '147645305', 'BKR902101', 9),
('BLT000324', '166430225', '166510489', 'BKR605115', 6),
('BLT000325', '165056172', '160608095', 'BKE946115', 11),
('BLT000326', '180384682', '151184843', 'BKH429101', 10),
('BLT000326', '180384682', '151184843', 'BKS979203', 4),
('BLT000327', '133378296', '142698703', 'BKH50697', 13),
('BLT000328', '180404885', '166510489', 'BKE550115', 2),
('BLT000329', '188774532', '169457187', 'BKU561118', 7),
('BLT000330', '176562977', '151184843', 'BKR594121', 5),
('BLT000330', '176562977', '151184843', 'BKS894746', 4),
('BLT000331', '159485380', '166510489', 'BKG545243', 14),
('BLT000331', '159485380', '166510489', 'BKU462121', 5),
('BLT000332', '155746177', '147645305', 'BKA209111', 4),
('BLT000333', '184889709', '160608095', 'BKH242110', 7),
('BLT000334', '113687646', '147645305', 'BKA319115', 1),
('BLT000335', '148622186', '141039409', 'BKO396111', 12),
('BLT000336', '156146364', '160608095', 'BKR451108', 4),
('BLT000337', '156146364', '160608095', 'BKH198115', 1),
('BLT000338', '184748677', '147645305', 'BKE165114', 10),
('BLT000339', '166430225', '160608095', 'BKA605101', 6),
('BLT000340', '180404885', '147645305', 'BKH74886', 11),
('BLT000341', '174739291', '141039409', 'BKA506108', 5),
('BLT000342', '174739291', '141039409', 'BKH72673', 13),
('BLT000343', '191496773', '147645305', 'BKH30886', 13),
('BLT000344', '139767664', '151184843', 'BKA143104', 12),
('BLT000345', '139767664', '151184843', 'BKH253110', 3),
('BLT000346', '139767664', '151184843', 'BKO176108', 4),
('BLT000347', '113464641', '169457187', 'BKO74879', 8),
('BLT000348', '159485380', '169457187', 'BKA759115', 9),
('BLT000349', '159485380', '169457187', 'BKY979115', 9),
('BLT000350', '104981567', '151184843', 'BKH97997', 12),
('BLT000351', '185355573', '166510489', 'BKS319118', 3),
('BLT000352', '185355573', '166510489', 'BKO89187', 4),
('BLT000353', '150855222', '142698703', 'BKR275115', 1),
('BLT000354', '131607860', '166510489', 'BKU330121', 7),
('BLT000355', '131607860', '166510489', 'BKA770101', 10),
('BLT000356', '164345151', '147645305', 'BKE814109', 3),
('BLT000357', '133378296', '166510489', 'BKA825117', 2),
('BLT000358', '188774532', '151184843', 'BKR451108', 13),
('BLT000359', '135460975', '160608095', 'BKM19897', 7),
('BLT000359', '135460975', '160608095', 'BKR902101', 15),
('BLT000360', '151161005', '142698703', 'BKH13298', 1),
('BLT000361', '173287688', '141039409', 'BKR198115', 15),
('BLT000362', '149051645', '169457187', 'BKH72673', 7),
('BLT000362', '149051645', '169457187', 'BKN473101', 2),
('BLT000363', '197825780', '151184843', 'BKA143104', 6),
('BLT000363', '197825780', '151184843', 'BKH30886', 6),
('BLT000364', '117013659', '151184843', 'BKH52873', 9),
('BLT000365', '50598', '141039409', 'BKE814109', 9),
('BLT000365', '50598', '141039409', 'BKO616114', 8),
('BLT000366', '119757041', '166510489', 'BKM515144', 14),
('BLT000367', '136739269', '151184843', 'BKN990105', 7),
('BLT000368', '185810243', '142698703', 'BKA825117', 1),
('BLT000368', '185810243', '142698703', 'BKG649110', 3),
('BLT000369', '156146364', '166510489', 'BKO451115', 6),
('BLT000370', '185810243', '141039409', 'BKA242104', 13),
('BLT000370', '185810243', '141039409', 'BKR77099', 7),
('BLT000371', '159273472', '149140256', 'BKH40783', 7),
('BLT000371', '159273472', '149140256', 'BKH572115', 3),
('BLT000372', '192901620', '169457187', 'BKH30886', 15),
('BLT000373', '104450027', '142698703', 'BKA385101', 10),
('BLT000374', '189549041', '147645305', 'BKE649111', 4),
('BLT000374', '189549041', '147645305', 'BKX561121', 13),
('BLT000375', '128612977', '147645305', 'BKO451115', 8),
('BLT000376', '163903293', '147645305', 'BKE946115', 13),
('BLT000376', '163903293', '147645305', 'BKO649108', 1),
('BLT000377', '104015629', '169457187', 'BKA35232', 9),
('BLT000377', '104015629', '169457187', 'BKA825115', 7),
('BLT000378', '112138192', '147645305', 'BKG600927', 11),
('BLT000379', '112138192', '160608095', 'BKH880121', 11),
('BLT000379', '112138192', '160608095', 'BKI484101', 8),
('BLT000380', '153989552', '142698703', 'BKE165114', 5),
('BLT000380', '153989552', '142698703', 'BKH187115', 4),
('BLT000381', '148622186', '169457187', 'BKI407120', 14),
('BLT000382', '165056172', '166510489', 'BKH60541', 1),
('BLT000382', '165056172', '166510489', 'BKP550115', 5),
('BLT000383', '186819188', '141039409', 'BKE253109', 4),
('BLT000383', '186819188', '141039409', 'BKE27565', 9),
('BLT000384', '106214857', '141039409', 'BKA968115', 3),
('BLT000384', '106214857', '141039409', 'BKH86973', 6),
('BLT000385', '185810243', '169457187', 'BKE308119', 11),
('BLT000386', '151285622', '160608095', 'BKA902101', 1),
('BLT000387', '181087480', '141039409', 'BKH187115', 3),
('BLT000388', '113464641', '147645305', 'BKA605101', 14),
('BLT000388', '113464641', '147645305', 'BKE165114', 4),
('BLT000389', '169649594', '141039409', 'BKA583114', 15),
('BLT000390', '184889709', '142698703', 'BKE968105', 13),
('BLT000391', '168757797', '169457187', 'BKH36332', 14),
('BLT000391', '168757797', '169457187', 'BKU132121', 7),
('BLT000392', '197919840', '166510489', 'BKM726115', 3),
('BLT000393', '159273472', '160608095', 'BKA451110', 4),
('BLT000393', '159273472', '160608095', 'BKE187110', 3),
('BLT000394', '174739291', '160608095', 'BKH715101', 8),
('BLT000395', '188983541', '151184843', 'BKU682105', 14),
('BLT000396', '152555555', '141039409', 'BKH242110', 14),
('BLT000396', '152555555', '141039409', 'BKH935115', 4),
('BLT000397', '135460975', '169457187', 'BKI209114', 15),
('BLT000398', '119647692', '147645305', 'BK 308114', 8),
('BLT000399', '112138192', '149140256', 'BKO396111', 8),
('BLT000400', '173287688', '147645305', 'BKI275117', 7),
('BLT000401', '113687646', '141039409', 'BKA770111', 12),
('BLT000401', '113687646', '141039409', 'BKA990115', 7),
('BLT000402', '113464641', '169457187', 'BKE627101', 9),
('BLT000403', '185810243', '169457187', 'BKU429105', 13),
('BLT000404', '102321643', '149140256', 'BKU297101', 13),
('BLT000405', '186819188', '141039409', 'BKA506108', 1),
('BLT000405', '186819188', '141039409', 'BKE253114', 13),
('BLT000406', '183595660', '141039409', 'BKW385101', 13),
('BLT000407', '185773325', '141039409', 'BKG550115', 4),
('BLT000408', '102891124', '141039409', 'BKL429114', 9),
('BLT000409', '180630452', '147645305', 'BKH121101', 4),
('BLT000409', '180630452', '147645305', 'BKN880115', 8),
('BLT000410', '163875967', '151184843', 'BKH74886', 9),
('BLT000411', '180630452', '160608095', 'BKY902100', 14),
('BLT000412', '199900240', '147645305', 'BKN660111', 5),
('BLT000413', '151751937', '149140256', 'BKH154121', 10),
('BLT000414', '168757797', '160608095', 'BKM19897', 7),
('BLT000414', '168757797', '160608095', 'BKR330110', 5),
('BLT000415', '135460975', '160608095', 'BKI187108', 2),
('BLT000416', '165056172', '151184843', 'BKA407101', 11),
('BLT000417', '192071464', '141039409', 'BKO74879', 5),
('BLT000418', '159737366', '151184843', 'BKA759115', 6),
('BLT000418', '159737366', '151184843', 'BKY979115', 11),
('BLT000419', '153989552', '147645305', 'BKH97997', 4),
('BLT000420', '170079121', '147645305', 'BKS319118', 10),
('BLT000421', '164345151', '151184843', 'BKO89187', 9),
('BLT000421', '164345151', '151184843', 'BKR275115', 3),
('BLT000422', '175796699', '151184843', 'BKU330121', 11),
('BLT000423', '119757041', '141039409', 'BKA770101', 3),
('BLT000423', '119757041', '141039409', 'BKE814109', 14),
('BLT000424', '183997783', '142698703', 'BKA825117', 4),
('BLT000425', '170079121', '160608095', 'BKA968115', 15),
('BLT000426', '136739269', '151184843', 'BKH86973', 10),
('BLT000427', '150324775', '151184843', 'BKE308119', 1),
('BLT000428', '155746177', '151184843', 'BKA902101', 3),
('BLT000428', '155746177', '151184843', 'BKE165114', 15),
('BLT000428', '155746177', '151184843', 'BKH187115', 2),
('BLT000429', '104981567', '160608095', 'BKA605101', 2),
('BLT000430', '185773325', '141039409', 'BKA506108', 8),
('BLT000430', '185773325', '141039409', 'BKH74886', 15),
('BLT000431', '172732438', '149140256', 'BKH72673', 14),
('BLT000432', '156146364', '141039409', 'BKH30886', 1),
('BLT000433', '117013659', '142698703', 'BKA143104', 12),
('BLT000434', '139758402', '149140256', 'BKH253110', 1),
('BLT000434', '139758402', '149140256', 'BKN11099', 7),
('BLT000435', '192901620', '160608095', 'BKR693103', 11),
('BLT000436', '184348736', '151184843', 'BKE561103', 11),
('BLT000436', '184348736', '151184843', 'BKH70499', 6),
('BLT000437', '192071464', '166510489', 'BKY25397', 6),
('BLT000438', '175796699', '151184843', 'BKF726116', 7),
('BLT000439', '176562977', '169457187', 'BKG649110', 12),
('BLT000439', '176562977', '169457187', 'BKI726116', 12),
('BLT000440', '164345151', '166510489', 'BKG13299', 11),
('BLT000441', '159737366', '160608095', 'BKI561116', 6),
('BLT000442', '128612977', '169457187', 'BKN374105', 12),
('BLT000442', '128612977', '169457187', 'BKR869101', 12),
('BLT000443', '165861175', '166510489', 'BKH50699', 9),
('BLT000444', '50130', '147645305', 'BKE110101', 8),
('BLT000444', '50130', '147645305', 'BKO176108', 2),
('BLT000445', '113464641', '160608095', 'BKO946100', 11),
('BLT000446', '175796699', '147645305', 'BKI968100', 2),
('BLT000447', '150855222', '142698703', 'BKR605115', 12),
('BLT000447', '150855222', '142698703', 'BKR902101', 8),
('BLT000448', '191496773', '169457187', 'BKN616111', 1),
('BLT000449', '185355573', '142698703', 'BKE935107', 11),
('BLT000450', '104450027', '142698703', 'BKH198115', 12),
('BLT000451', '152600800', '160608095', 'BKR902101', 8),
('BLT000452', '129081058', '142698703', 'BKE968105', 9),
('BLT000452', '129081058', '142698703', 'BKR869101', 5),
('BLT000453', '136739269', '141039409', 'BKM19897', 14),
('BLT000454', '166469021', '151184843', 'BKH418101', 11),
('BLT000454', '166469021', '151184843', 'BKH52873', 10),
('BLT000455', '148643430', '149140256', 'BKE814109', 1),
('BLT000455', '148643430', '149140256', 'BKO616114', 9),
('BLT000456', '104015629', '149140256', 'BKM515144', 11),
('BLT000457', '155746177', '166510489', 'BKG649110', 1),
('BLT000457', '155746177', '166510489', 'BKN990105', 15),
('BLT000458', '122469398', '141039409', 'BKI583101', 8),
('BLT000459', '181087480', '147645305', 'BKN11099', 14),
('BLT000460', '166469021', '142698703', 'BKE561103', 7),
('BLT000460', '166469021', '142698703', 'BKR693103', 4),
('BLT000461', '50130', '141039409', 'BKH70499', 12),
('BLT000462', '148643430', '147645305', 'BKF726116', 2),
('BLT000462', '148643430', '147645305', 'BKY25397', 3),
('BLT000463', '119757041', '142698703', 'BKI726116', 1),
('BLT000464', '106214857', '166510489', 'BKG13299', 2),
('BLT000464', '106214857', '166510489', 'BKG649110', 14),
('BLT000465', '184748677', '166510489', 'BKI561116', 7),
('BLT000466', '197825780', '149140256', 'BKR451108', 13),
('BLT000467', '50130', '147645305', 'BKR902101', 1),
('BLT000468', '185810243', '169457187', 'BKO616114', 1),
('BLT000469', '104015629', '149140256', 'BKA583114', 14),
('BLT000470', '148643430', '160608095', 'BKI561116', 1),
('BLT000470', '148643430', '160608095', 'BKR451108', 3),
('BLT000471', '152555555', '149140256', 'BKR902101', 9),
('BLT000472', '104981567', '141039409', 'BKO616114', 12),
('BLT000473', '102321643', '142698703', 'BKA583114', 15),
('BLT000473', '102321643', '142698703', 'BKI561116', 3),
('BLT000473', '102321643', '142698703', 'BKR451108', 15),
('BLT000474', '151161005', '169457187', 'BKR902101', 12),
('BLT000475', '191496773', '151184843', 'BKO616114', 2),
('BLT000476', '127606151', '151184843', 'BKA583114', 3),
('BLT000476', '127606151', '151184843', 'BKO616114', 3),
('BLT000477', '151161005', '141039409', 'BKI561116', 12),
('BLT000478', '50598', '151184843', 'BKR451108', 8),
('BLT000479', '104015629', '169457187', 'BKO616114', 14),
('BLT000479', '104015629', '169457187', 'BKR902101', 8),
('BLT000480', '188983541', '141039409', 'BKA583114', 1),
('BLT000480', '188983541', '141039409', 'BKR484117', 15),
('BLT000481', '185810243', '142698703', 'BKR286116', 3),
('BLT000482', '106214857', '142698703', 'BKC35285', 6),
('BLT000482', '106214857', '142698703', 'BKN990105', 2),
('BLT000483', '157736874', '149140256', 'BKR33097', 13),
('BLT000484', '191316780', '141039409', 'BKR77099', 8),
('BLT000485', '117035232', '141039409', 'BKA242104', 2),
('BLT000486', '146655167', '149140256', 'BKH572115', 1),
('BLT000487', '159737366', '149140256', 'BKH30886', 14),
('BLT000487', '159737366', '149140256', 'BKH40783', 4),
('BLT000488', '184348736', '142698703', 'BKR869101', 7),
('BLT000489', '108454364', '147645305', 'BKM19897', 4),
('BLT000490', '159273472', '166510489', 'BKH418101', 6),
('BLT000491', '184748677', '169457187', 'BKE814109', 15),
('BLT000491', '184748677', '169457187', 'BKH52873', 13),
('BLT000492', '188774532', '151184843', 'BKM515144', 4),
('BLT000492', '188774532', '151184843', 'BKO616114', 1),
('BLT000493', '119757041', '147645305', 'BKG649110', 5),
('BLT000493', '119757041', '147645305', 'BKN990105', 6),
('BLT000494', '106648787', '149140256', 'BKA825117', 15),
('BLT000495', '148622186', '169457187', 'BKB792110', 4),
('BLT000495', '148622186', '169457187', 'BKO451115', 1),
('BLT000496', '117013659', '166510489', 'BKE836111', 8),
('BLT000497', '139758402', '147645305', 'BKG731356', 15),
('BLT000498', '180404885', '169457187', 'BKG517115', 12),
('BLT000498', '180404885', '169457187', 'BKO385115', 12),
('BLT000498', '180404885', '169457187', 'BKR616115', 9),
('BLT000499', '50598', '141039409', 'BKA605101', 7),
('BLT000499', '50598', '141039409', 'BKE759121', 5),
('BLT000500', '146655167', '147645305', 'BKC616119', 8),
('BLT000500', '146655167', '147645305', 'BKL456339', 5),
('BLT000501', '151161005', '160608095', 'BKH638110', 10),
('BLT000502', '149051645', '142698703', 'BKH330100', 4),
('BLT000502', '149051645', '142698703', 'BKO561109', 8),
('BLT000502', '149051645', '142698703', 'BKO770114', 1),
('BLT000503', '172732438', '147645305', 'BKS900832', 13),
('BLT000504', '106648787', '149140256', 'BKN110111', 15),
('BLT000504', '106648787', '149140256', 'BKR781100', 5),
('BLT000505', '129081058', '149140256', 'BKH86973', 13),
('BLT000505', '129081058', '149140256', 'BKO627115', 9),
('BLT000506', '128612977', '149140256', 'BKN473101', 9),
('BLT000507', '199900240', '169457187', 'BKH74886', 6),
('BLT000508', '102321643', '142698703', 'BKA506108', 7),
('BLT000508', '102321643', '142698703', 'BKH72673', 6),
('BLT000509', '151285622', '149140256', 'BKH30886', 2),
('BLT000510', '187254448', '142698703', 'BKA143104', 5),
('BLT000510', '187254448', '142698703', 'BKH253110', 10),
('BLT000511', '159273472', '149140256', 'BKO176108', 6),
('BLT000512', '197919840', '141039409', 'BKU429105', 15),
('BLT000513', '157736874', '166510489', 'BKN319105', 3),
('BLT000513', '157736874', '166510489', 'BKO649108', 6),
('BLT000514', '135460975', '142698703', 'BKA35232', 1),
('BLT000514', '135460975', '142698703', 'BKA825115', 4),
('BLT000515', '128612977', '147645305', 'BKG600927', 15),
('BLT000516', '112138192', '149140256', 'BKH880121', 4),
('BLT000516', '112138192', '149140256', 'BKI484101', 2),
('BLT000517', '128612977', '142698703', 'BKE165114', 8);

-- --------------------------------------------------------

--
-- Estructura de tabla para la tabla `AGRUPA`
--

CREATE TABLE `AGRUPA` (
  `Numero` varchar(10) CHARACTER SET utf8 NOT NULL,
  `Codigo` varchar(10) CHARACTER SET utf8 NOT NULL,
  `Cantidad` int(10) NOT NULL
) ENGINE=InnoDB DEFAULT CHARSET=latin1;

--
-- Volcado de datos para la tabla `AGRUPA`
--

INSERT INTO `AGRUPA` (`Numero`, `Codigo`, `Cantidad`) VALUES
('OC000001', 'BKG545243', 15),
('OC000002', 'BKA352105', 5),
('OC000002', 'BKA605101', 15),
('OC000002', 'BKE165114', 15),
('OC000002', 'BKE649111', 15),
('OC000002', 'BKH418101', 15),
('OC000002', 'BKH649107', 10),
('OC000002', 'BKN660111', 5),
('OC000002', 'BKS869109', 15),
('OC000003', 'BKA605101', 5),
('OC000003', 'BKA825117', 15),
('OC000003', 'BKH418101', 15),
('OC000003', 'BKH52873', 15),
('OC000003', 'BKM19897', 5),
('OC000003', 'BKO264103', 5),
('OC000004', 'BKS900832', 20),
('OC000005', 'BKI187108', 5),
('OC000005', 'BKR330110', 15),
('OC000006', 'BSE833880', 1),
('OC000007', 'BKH154121', 15),
('OC000008', 'BKI616108', 15),
('OC000009', 'BKG342988', 15),
('OC000009', 'BKS900832', 10),
('OC000009', 'BKS979203', 5),
('OC000010', 'BKH418101', 5),
('OC000010', 'BKM19897', 15),
('OC000010', 'BKR869101', 5),
('OC000011', 'BDL688664', 1),
('OC000011', 'BHL722458', 3),
('OC000012', 'BKA825117', 15),
('OC000012', 'BKH330100', 15),
('OC000012', 'BKH86973', 5),
('OC000012', 'BKO561109', 5),
('OC000012', 'BKO627115', 15),
('OC000012', 'BKO770114', 15),
('OC000012', 'BKR286116', 10),
('OC000012', 'BKR33097', 5),
('OC000013', 'BKE253109', 15),
('OC000013', 'BKH836121', 10),
('OC000014', 'BTO842282', 2),
('OC000015', 'BMA779871', 10),
('OC000016', 'BKH121101', 10),
('OC000017', 'BKH935115', 10),
('OC000018', 'BKI46297', 15),
('OC000018', 'BKI583101', 15),
('OC000018', 'BKO781115', 5),
('OC000019', 'BKA583114', 10),
('OC000020', 'BKW38563', 10),
('OC000021', 'BKA583114', 5),
('OC000021', 'BKH60541', 15),
('OC000021', 'BKP68297', 5),
('OC000022', 'BKA759115', 15),
('OC000022', 'BKE187110', 5),
('OC000022', 'BKH198115', 5),
('OC000022', 'BKH253110', 15),
('OC000022', 'BKO121110', 5),
('OC000022', 'BKO627115', 15),
('OC000022', 'BKO85857', 5),
('OC000022', 'BKR198115', 10),
('OC000022', 'BKR902101', 5),
('OC000022', 'BKY979115', 10),
('OC000023', 'BKA429115', 15),
('OC000023', 'BKG781115', 10),
('OC000023', 'BKL462101', 5),
('OC000023', 'BKY550101', 5),
('OC000024', 'BKA902101', 5),
('OC000024', 'BKG550115', 15),
('OC000024', 'BKH198115', 10),
('OC000024', 'BKH60541', 5),
('OC000024', 'BKL594108', 15),
('OC000024', 'BKN110111', 5),
('OC000024', 'BKO462121', 10),
('OC000024', 'BKO924101', 10),
('OC000024', 'BKR781100', 5),
('OC000024', 'BKR869101', 5),
('OC000024', 'BKY968121', 5),
('OC000025', 'BKR451108', 5),
('OC000025', 'BKR77099', 10),
('OC000026', 'BTO847693', 1),
('OC000027', 'BHG725286', 2),
('OC000027', 'BME775238', 3),
('OC000027', 'BOK794704', 3),
('OC000027', 'BRE827143', 1),
('OC000028', 'BKR869101', 15),
('OC000029', 'BKA748111', 10),
('OC000029', 'BKE308119', 5),
('OC000029', 'BKH979103', 10),
('OC000029', 'BKR682117', 10),
('OC000030', 'BGK719208', 3),
('OC000031', 'BKO946100', 5),
('OC000032', 'BKR605115', 5),
('OC000033', 'BHL727895', 1),
('OC000034', 'BHG721323', 2),
('OC000034', 'BMA773095', 3),
('OC000034', 'BTO842194', 3),
('OC000035', 'BBE666538', 2),
('OC000035', 'BCM676661', 2),
('OC000035', 'BTO843190', 3),
('OC000036', 'BKI209114', 10),
('OC000036', 'BKO209111', 15),
('OC000036', 'BKO396111', 15),
('OC000036', 'BKR869101', 5),
('OC000037', 'BKX517115', 10),
('OC000038', 'BKG342988', 15),
('OC000038', 'BKG731356', 5),
('OC000038', 'BKG825969', 15),
('OC000038', 'BKS894746', 10),
('OC000039', 'BKU297101', 15),
('OC000040', 'BKE836111', 15),
('OC000041', 'BKE253114', 5),
('OC000042', 'BKH154121', 5),
('OC000042', 'BKI46297', 15),
('OC000042', 'BKO451115', 10),
('OC000043', 'BHI729629', 2),
('OC000044', 'BKO38532', 10),
('OC000045', 'BKA902101', 15),
('OC000045', 'BKE308119', 15),
('OC000045', 'BKH50699', 10),
('OC000046', 'BKA605101', 10),
('OC000047', 'BKH253112', 5),
('OC000047', 'BKL96856', 5),
('OC000048', 'BCM678932', 10),
('OC000049', 'BBE665524', 1),
('OC000049', 'BME773202', 3),
('OC000050', 'BKE935107', 15),
('OC000050', 'BKN473101', 15),
('OC000050', 'BKO176108', 5),
('OC000050', 'BKO74879', 5),
('OC000050', 'BKR286116', 5),
('OC000051', 'BRE829730', 1),
('OC000052', 'BMA777856', 3),
('OC000053', 'BKA561115', 15),
('OC000053', 'BKH165110', 15),
('OC000053', 'BKH74886', 5),
('OC000053', 'BKO264103', 10),
('OC000053', 'BKY25397', 5),
('OC000054', 'BGK712073', 3),
('OC000055', 'BME772066', 2),
('OC000056', 'BKG334519', 5),
('OC000056', 'BKL597918', 10),
('OC000056', 'BKS900832', 10),
('OC000057', 'BKS900832', 10),
('OC000058', 'BKR451108', 10),
('OC000059', 'BKA583114', 10),
('OC000059', 'BKH30886', 5),
('OC000059', 'BKM19897', 15),
('OC000059', 'BKN473101', 15),
('OC000060', 'BDT682584', 3),
('OC000061', 'BBE661183', 1),
('OC000062', 'BKE165114', 10),
('OC000062', 'BKH187115', 10),
('OC000062', 'BKI407120', 10),
('OC000063', 'ITA726384', 10),
('OC000063', 'ITA928375', 10),
('OC000064', 'BKI561116', 5),
('OC000065', 'BKA209111', 5),
('OC000065', 'BKH242110', 15),
('OC000065', 'BKO946100', 10),
('OC000067', 'BKI132115', 5),
('OC000068', 'ITA716374', 20),
('OC000068', 'ITA837195', 10),
('OC000069', 'BKL456339', 5),
('OC000070', 'BKF726116', 15),
('OC000071', 'BKO561109', 15),
('OC000072', 'BME774248', 2),
('OC000072', 'BTO847785', 3),
('OC000073', 'BBE669380', 1),
('OC000073', 'BCR674995', 3),
('OC000073', 'BHG722226', 3),
('OC000073', 'BHL723308', 1),
('OC000073', 'BME771618', 3),
('OC000074', 'BKE814109', 15),
('OC000074', 'BKH52873', 15),
('OC000074', 'BKM515144', 10),
('OC000074', 'BKO616114', 15),
('OC000075', 'BKG334519', 10),
('OC000075', 'BKG600927', 5),
('OC000075', 'BKG775830', 5),
('OC000075', 'BKL456339', 15),
('OC000076', 'BKG649110', 5),
('OC000077', 'BSE835242', 3),
('OC000078', 'BKM726115', 5),
('OC000079', 'BKG600927', 15),
('OC000079', 'BKG731356', 15),
('OC000079', 'BKS900832', 15),
('OC000080', 'BKI583101', 15),
('OC000080', 'BKP68297', 5),
('OC000080', 'BKR781100', 5),
('OC000080', 'BKR946100', 10),
('OC000081', 'BKU462121', 15),
('OC000082', 'BKG342988', 5),
('OC000082', 'BKG600927', 10),
('OC000084', 'BKA143104', 5),
('OC000084', 'BKP550115', 10),
('OC000085', 'BKD583114', 5),
('OC000085', 'BKV880101', 10),
('OC000086', 'BKA561115', 15),
('OC000086', 'BKH165110', 5),
('OC000086', 'BKH74886', 15),
('OC000086', 'BKH935115', 5),
('OC000086', 'BKO264103', 10),
('OC000087', 'BKA583114', 10),
('OC000087', 'BKE550115', 10),
('OC000087', 'BKH638114', 5),
('OC000087', 'BKM19897', 5),
('OC000088', 'BKO616114', 10),
('OC000089', 'BCR678554', 1),
('OC000089', 'BDO687062', 3),
('OC000090', 'BKG731356', 15),
('OC000090', 'BKL624945', 5),
('OC000091', 'BKU803101', 15),
('OC000092', 'BKH121107', 5),
('OC000093', 'BKR77099', 15),
('OC000094', 'BKG517115', 10),
('OC000094', 'BKH638110', 5),
('OC000094', 'BKO385115', 5),
('OC000094', 'BKR616115', 5),
('OC000095', 'BKA319115', 5),
('OC000095', 'BKA407101', 5),
('OC000095', 'BKE627101', 15),
('OC000095', 'BKE77099', 15),
('OC000095', 'BKG957101', 10),
('OC000095', 'BKH528116', 15),
('OC000095', 'BKH86973', 5),
('OC000095', 'BKO616114', 15),
('OC000096', 'BKH13298', 15),
('OC000096', 'BKI550115', 10),
('OC000096', 'BKO462121', 5),
('OC000096', 'BKY550101', 10),
('OC000097', 'BKL429114', 10),
('OC000098', 'BKH50699', 5),
('OC000098', 'BKO781115', 15),
('OC000099', 'BKH154121', 5),
('OC000100', 'BKR77099', 15),
('OC000101', 'ITA418347', 10),
('OC000101', 'ITA716374', 5),
('OC000101', 'ITA837195', 10),
('OC000101', 'ITA918737', 10),
('OC000102', 'BKL624945', 10),
('OC000103', 'BKA209111', 10),
('OC000103', 'BKC198121', 10),
('OC000103', 'BKE165114', 5),
('OC000103', 'BKE759121', 10),
('OC000103', 'BKE968105', 15),
('OC000103', 'BKE96887', 10),
('OC000103', 'BKH187115', 15),
('OC000103', 'BKO209111', 5),
('OC000103', 'BKR660103', 10),
('OC000103', 'BKR902101', 10),
('OC000103', 'BKY979115', 15),
('OC000104', 'BKE308109', 15),
('OC000104', 'BKE814115', 15),
('OC000104', 'BKH429101', 5),
('OC000104', 'BKH528116', 5),
('OC000104', 'BKH880117', 5),
('OC000104', 'BKH979103', 10),
('OC000104', 'BKI748111', 15),
('OC000104', 'BKR605115', 10),
('OC000104', 'BKR946100', 5),
('OC000105', 'BKU429105', 5),
('OC000106', 'BKH198115', 5),
('OC000106', 'BKO627115', 10),
('OC000106', 'BKO85857', 15),
('OC000106', 'BKR902101', 15),
('OC000107', 'BKA583114', 10),
('OC000107', 'BKO616114', 5),
('OC000107', 'BKR451108', 15),
('OC000107', 'BKR902101', 15),
('OC000108', 'BRE827155', 3),
('OC000109', 'BKH253110', 5),
('OC000109', 'BKH52873', 15),
('OC000109', 'BKL594108', 10),
('OC000110', 'BKG775830', 5),
('OC000110', 'BKS979203', 15),
('OC000111', 'BKS894746', 15),
('OC000112', 'BKE935107', 15),
('OC000112', 'BKM515144', 5),
('OC000112', 'BKO946100', 15),
('OC000113', 'BKE165114', 10),
('OC000113', 'BKE814109', 10),
('OC000113', 'BKH187115', 5),
('OC000114', 'BKR33097', 10),
('OC000115', 'BKG781115', 10),
('OC000115', 'BKU242109', 10),
('OC000116', 'BHG724769', 3),
('OC000117', 'BKE561103', 15),
('OC000117', 'BKE759121', 5),
('OC000117', 'BKH70499', 10),
('OC000117', 'BKH74886', 10),
('OC000117', 'BKI90263', 10),
('OC000118', 'BME776608', 5),
('OC000119', 'BCR674953', 2),
('OC000120', 'BKH50697', 10),
('OC000121', 'BKH198115', 10),
('OC000121', 'BKH880117', 10),
('OC000121', 'BKR682117', 5),
('OC000121', 'BKS869109', 10),
('OC000123', 'BKH418101', 10),
('OC000124', 'BKN990105', 5),
('OC000125', 'BKA506108', 5),
('OC000125', 'BKH72673', 15),
('OC000126', 'ITA163849', 15),
('OC000126', 'ITA716374', 10),
('OC000126', 'ITA726384', 20),
('OC000126', 'ITA827465', 5),
('OC000126', 'ITA837195', 20),
('OC000126', 'ITA927365', 15),
('OC000126', 'ITA928375', 15),
('OC000126', 'ITA983653', 15),
('OC000127', 'BKA561115', 15),
('OC000128', 'BKS900832', 10),
('OC000129', 'BKN990105', 5),
('OC000130', 'BKE77099', 15),
('OC000130', 'BKH60541', 5),
('OC000130', 'BKM19897', 5),
('OC000130', 'BKO616114', 5),
('OC000131', 'BKG775830', 15),
('OC000131', 'BKL456339', 5),
('OC000131', 'BKS900832', 10),
('OC000132', 'BKH638110', 10),
('OC000133', 'BKA209111', 10),
('OC000133', 'BKA319115', 15),
('OC000133', 'BKA407101', 15),
('OC000133', 'BKH242110', 10),
('OC000133', 'BKH528116', 15),
('OC000133', 'BKO946100', 15),
('OC000134', 'BKE935107', 5),
('OC000134', 'BKH880121', 10),
('OC000134', 'BKI275117', 15),
('OC000134', 'BKI484101', 10),
('OC000134', 'BKN473101', 15),
('OC000134', 'BKN880115', 15),
('OC000134', 'BKO74879', 10),
('OC000134', 'BKR286116', 10),
('OC000134', 'BKR451108', 10),
('OC000135', 'BKI187108', 5),
('OC000135', 'BKR330110', 15),
('OC000135', 'BKU242109', 15),
('OC000136', 'BKA748111', 15),
('OC000136', 'BKE110101', 15),
('OC000136', 'BKE935107', 15),
('OC000136', 'BKH187115', 15),
('OC000136', 'BKH74886', 10),
('OC000136', 'BKH880117', 15),
('OC000136', 'BKI583101', 15),
('OC000136', 'BKI726116', 5),
('OC000136', 'BKN11099', 10),
('OC000136', 'BKO264103', 15),
('OC000136', 'BKO396111', 15),
('OC000136', 'BKR693103', 5),
('OC000136', 'BKU561118', 15),
('OC000136', 'BKY25397', 5),
('OC000137', 'BKR605115', 10),
('OC000138', 'BKU561118', 10),
('OC000139', 'BKO89187', 5),
('OC000140', 'BKO616114', 10),
('OC000141', 'BKI407120', 10),
('OC000141', 'BKI46297', 5),
('OC000142', 'BGK718093', 2),
('OC000142', 'BHT723339', 3),
('OC000143', 'BKA35232', 15),
('OC000143', 'BKA825115', 15),
('OC000143', 'BKI726116', 15),
('OC000144', 'BKA143104', 5),
('OC000144', 'BKA352105', 15),
('OC000144', 'BKA990115', 15),
('OC000144', 'BKG341115', 5),
('OC000144', 'BKH121107', 5),
('OC000144', 'BKH50699', 10),
('OC000144', 'BKH72673', 5),
('OC000144', 'BKN473101', 5),
('OC000144', 'BKO616114', 5),
('OC000145', 'BSE835203', 1),
('OC000146', 'BKH121107', 10),
('OC000146', 'BKN649115', 5),
('OC000146', 'BKU297101', 15),
('OC000146', 'BKU330121', 10),
('OC000146', 'BKX517115', 15),
('OC000147', 'BKA759115', 5),
('OC000148', 'BKA561115', 15),
('OC000148', 'BKE308119', 15),
('OC000149', 'BKG550115', 10),
('OC000149', 'BKH60541', 10),
('OC000149', 'BKL594108', 15),
('OC000149', 'BKO924101', 5),
('OC000149', 'BKP550115', 10),
('OC000150', 'BHL729876', 3),
('OC000150', 'BSR831093', 1),
('OC000150', 'BTO849538', 2),
('OC000151', 'BKC198121', 15),
('OC000151', 'BKR660103', 15),
('OC000152', 'BKI561116', 10),
('OC000153', 'BKE96887', 15),
('OC000153', 'BKH385101', 5),
('OC000153', 'BKW385101', 10),
('OC000154', 'BAM658369', 2),
('OC000155', 'BKN649115', 15),
('OC000156', 'BHL725735', 3),
('OC000157', 'BKB792110', 10),
('OC000157', 'BKC616119', 10),
('OC000157', 'BKH52873', 5),
('OC000157', 'BKH572115', 15),
('OC000157', 'BKH70499', 5),
('OC000157', 'BKI484101', 10),
('OC000157', 'BKI561116', 15),
('OC000157', 'BKN110111', 10),
('OC000157', 'BKO451115', 5),
('OC000157', 'BKR781100', 15),
('OC000158', 'BK 308114', 5),
('OC000158', 'BKR275115', 10),
('OC000158', 'BKS319118', 15),
('OC000159', 'BKG334519', 5),
('OC000160', 'ITA153845', 20),
('OC000160', 'ITA418347', 5),
('OC000160', 'ITA827465', 15),
('OC000160', 'ITA918737', 20),
('OC000161', 'BKA242104', 15),
('OC000161', 'BKH50699', 5),
('OC000161', 'BKO924101', 5),
('OC000161', 'BKR198115', 15),
('OC000162', 'BKE814109', 10),
('OC000162', 'BKI968100', 5),
('OC000162', 'BKR869101', 5),
('OC000162', 'BKR902101', 5),
('OC000163', 'BKH528119', 10),
('OC000163', 'BKI726116', 15),
('OC000163', 'BKN11099', 15),
('OC000163', 'BKN418110', 10),
('OC000164', 'BKV880101', 15),
('OC000165', 'BME773872', 2),
('OC000166', 'BKL456339', 20),
('OC000167', 'BKE649111', 10),
('OC000167', 'BKH638110', 15),
('OC000167', 'BKH979103', 5),
('OC000168', 'BKO770114', 10),
('OC000169', 'BKS979203', 15),
('OC000170', 'BKE759121', 15),
('OC000171', 'BHG721302', 1),
('OC000171', 'BMA773004', 2),
('OC000171', 'BSR834570', 1),
('OC000171', 'BSR839099', 3),
('OC000172', 'BKA902101', 5),
('OC000172', 'BKH36332', 15),
('OC000172', 'BKH715101', 10),
('OC000172', 'BKO946100', 15),
('OC000172', 'BKU132121', 10),
('OC000173', 'BHT726260', 3),
('OC000174', 'BKE968105', 10),
('OC000175', 'BKA561115', 10),
('OC000175', 'BKA902101', 15),
('OC000175', 'BKE27565', 5),
('OC000175', 'BKH13298', 10),
('OC000175', 'BKH40783', 15),
('OC000175', 'BKH528116', 5),
('OC000175', 'BKH97997', 15),
('OC000175', 'BKO264103', 10),
('OC000176', 'BKA605101', 5),
('OC000176', 'BKA759115', 10),
('OC000176', 'BKA902101', 5),
('OC000176', 'BKD583114', 10),
('OC000176', 'BKH385101', 10),
('OC000176', 'BKH50699', 5),
('OC000176', 'BKL594108', 15),
('OC000176', 'BKU682105', 10),
('OC000176', 'BKU803101', 10),
('OC000176', 'BKV880101', 5),
('OC000176', 'BKW385101', 10),
('OC000177', 'BKA825117', 5),
('OC000177', 'BKA968115', 10),
('OC000177', 'BKG781115', 15),
('OC000177', 'BKI616108', 5),
('OC000177', 'BKM19897', 10),
('OC000177', 'BKN990105', 15),
('OC000178', 'BHT721330', 3),
('OC000179', 'BKN660111', 10),
('OC000180', 'BSR836897', 2),
('OC000181', 'BKH187115', 15),
('OC000181', 'BKI726116', 10),
('OC000182', 'BKA770111', 10),
('OC000182', 'BKA990115', 5),
('OC000183', 'BMA776784', 15),
('OC000184', 'BKA352105', 15),
('OC000184', 'BKE550115', 5),
('OC000184', 'BKE946115', 5),
('OC000184', 'BKR198115', 15),
('OC000185', 'BKG545243', 10),
('OC000185', 'BKL624945', 5),
('OC000185', 'BKS894746', 10),
('OC000186', 'BKA825117', 10),
('OC000186', 'BKH13298', 5),
('OC000186', 'BKY550101', 10),
('OC000186', 'BKY968121', 10),
('OC000187', 'BKA352105', 10),
('OC000187', 'BKH528119', 10),
('OC000187', 'BKI132115', 10),
('OC000187', 'BKS869109', 15),
('OC000188', 'BKE165114', 5),
('OC000189', 'BKG342988', 5),
('OC000189', 'BKG545243', 10),
('OC000190', 'BKA506108', 10),
('OC000190', 'BKC550110', 15),
('OC000190', 'BKH935115', 5),
('OC000190', 'BKR451108', 5),
('OC000191', 'ITA163849', 10),
('OC000191', 'ITA837195', 20),
('OC000191', 'ITA927365', 20),
('OC000192', 'BKE935107', 5),
('OC000192', 'BKR902101', 10),
('OC000192', 'BKW385101', 15),
('OC000193', 'BKH880117', 10),
('OC000194', 'BKA748111', 15),
('OC000194', 'BKE165114', 15),
('OC000194', 'BKG649110', 15),
('OC000194', 'BKH649107', 5),
('OC000195', 'BKE968105', 5),
('OC000195', 'BKN616111', 15),
('OC000196', 'BBE668739', 1),
('OC000196', 'BMA777326', 3),
('OC000197', 'BKO649108', 10),
('OC000198', 'BKH52873', 10),
('OC000198', 'BKI550115', 10),
('OC000199', 'BKP550115', 15),
('OC000200', 'BKH880121', 10),
('OC000201', 'BKG545243', 5),
('OC000201', 'BKS900832', 15),
('OC000202', 'BKG731356', 5),
('OC000202', 'BKG825969', 10),
('OC000203', 'BHI725137', 3),
('OC000204', 'BKH198115', 10),
('OC000205', 'BKG775830', 15),
('OC000206', 'BKC35285', 10),
('OC000206', 'BKN990105', 15),
('OC000206', 'BKR286116', 5),
('OC000207', 'BKA319115', 15),
('OC000207', 'BKG341115', 15),
('OC000207', 'BKI968100', 10),
('OC000207', 'BKO396111', 10),
('OC000208', 'BKH242110', 5),
('OC000208', 'BKL429114', 15),
('OC000208', 'BKS869109', 10),
('OC000208', 'BKY902100', 15),
('OC000209', 'BAC651104', 2),
('OC000210', 'BCM678990', 2),
('OC000210', 'BGK712335', 2),
('OC000211', 'BKH121107', 5),
('OC000211', 'BKH86973', 5),
('OC000211', 'BKO616114', 10),
('OC000212', 'BKA506108', 15),
('OC000212', 'BKH253110', 10),
('OC000212', 'BKN319105', 10),
('OC000212', 'BKO121110', 5),
('OC000212', 'BKR198115', 10),
('OC000212', 'BKY979115', 10),
('OC000213', 'BKG13299', 5),
('OC000213', 'BKG649110', 10),
('OC000213', 'BKL456339', 10),
('OC000213', 'BKL597918', 10),
('OC000214', 'BKA143104', 10),
('OC000214', 'BKC35285', 10),
('OC000214', 'BKE561103', 5),
('OC000214', 'BKH253110', 10),
('OC000214', 'BKH418101', 10),
('OC000214', 'BKH880121', 15),
('OC000214', 'BKR693103', 15),
('OC000215', 'BKR869101', 10),
('OC000216', 'BKR451108', 10),
('OC000216', 'BKR902101', 10),
('OC000217', 'ITA983653', 5),
('OC000218', 'BAC655007', 1),
('OC000218', 'BDL686286', 3),
('OC000219', 'BKR484117', 15),
('OC000220', 'BPC802247', 3),
('OC000221', 'BKA209111', 15),
('OC000221', 'BKA75997', 10),
('OC000222', 'BKG342988', 20),
('OC000223', 'BKE308109', 5),
('OC000223', 'BKE814115', 15),
('OC000223', 'BKH429101', 15),
('OC000223', 'BKH979103', 10),
('OC000223', 'BKR605115', 15),
('OC000224', 'BKI748111', 5),
('OC000225', 'BKE253109', 5),
('OC000225', 'BKE27565', 15),
('OC000225', 'BKF726116', 10),
('OC000225', 'BKH242110', 5),
('OC000225', 'BKH528119', 10),
('OC000225', 'BKI132115', 10),
('OC000225', 'BKM19897', 10),
('OC000225', 'BKR330110', 10),
('OC000225', 'BKX561121', 10),
('OC000226', 'BKI561116', 5),
('OC000227', 'BKM515144', 5),
('OC000228', 'BCR672761', 3),
('OC000229', 'BKN880115', 10),
('OC000229', 'BKR693103', 15),
('OC000229', 'BKY20998', 10),
('OC000230', 'BKG550115', 5),
('OC000231', 'BKH836121', 10),
('OC000231', 'BKH94699', 15),
('OC000231', 'BKI275117', 10),
('OC000231', 'BKR462117', 15),
('OC000232', 'BKA506108', 5),
('OC000232', 'BKH60541', 5),
('OC000232', 'BKH86973', 5),
('OC000232', 'BKN220101', 5),
('OC000232', 'BKP68297', 5),
('OC000232', 'BKW385101', 5),
('OC000233', 'BKA990115', 10),
('OC000233', 'BKG341115', 10),
('OC000233', 'BKR946100', 5),
('OC000234', 'BKA770101', 10),
('OC000234', 'BKE814109', 10),
('OC000234', 'BKH97997', 15),
('OC000234', 'BKU297101', 5),
('OC000235', 'BKA451110', 5),
('OC000235', 'BKA506108', 15),
('OC000235', 'BKH13298', 15),
('OC000235', 'BKH30886', 10),
('OC000235', 'BKH50697', 15),
('OC000235', 'BKH638110', 5),
('OC000235', 'BKN319105', 10),
('OC000235', 'BKR451108', 5),
('OC000236', 'BKS894746', 15),
('OC000236', 'BKS979203', 5),
('OC000237', 'BKE110101', 10),
('OC000237', 'BKH74886', 5),
('OC000237', 'BKN319105', 5),
('OC000238', 'BKA242104', 15),
('OC000238', 'BKH40783', 5),
('OC000238', 'BKH572115', 15),
('OC000239', 'BKG334519', 15),
('OC000240', 'BKA748111', 15),
('OC000240', 'BKG649110', 5),
('OC000240', 'BKO176108', 10),
('OC000240', 'BKO627115', 10),
('OC000240', 'BKR198115', 10),
('OC000240', 'BKU429105', 10),
('OC000240', 'BKX517115', 10),
('OC000241', 'BKH30886', 5),
('OC000242', 'BKA825117', 15),
('OC000242', 'BKA968115', 15),
('OC000242', 'BKI616108', 5),
('OC000242', 'BKM19897', 15),
('OC000242', 'BKN990105', 5),
('OC000242', 'BKY968121', 15),
('OC000243', 'BRE828558', 3),
('OC000243', 'BTO845458', 2),
('OC000243', 'BTO846441', 2),
('OC000245', 'BDL682693', 2),
('OC000245', 'BHL724099', 2),
('OC000246', 'BKE308119', 15),
('OC000246', 'BKG342988', 10),
('OC000246', 'BKH121101', 10),
('OC000246', 'BKH253110', 15),
('OC000246', 'BKL597918', 10),
('OC000246', 'BKM515144', 10),
('OC000246', 'BKN616111', 15),
('OC000246', 'BKN990105', 10),
('OC000246', 'BKS900832', 5),
('OC000246', 'BKS979203', 10),
('OC000247', 'BKH638110', 10),
('OC000247', 'BKN319105', 10),
('OC000248', 'BKG334519', 10),
('OC000248', 'BKG342988', 15),
('OC000248', 'BKG600927', 5),
('OC000248', 'BKL456339', 10),
('OC000248', 'BKL597918', 10),
('OC000255', 'BKE165114', 25),
('OC000255', 'BKE814109', 10),
('OC000255', 'BKF726116', 20),
('OC000255', 'BKH187115', 25),
('OC000257', 'BKA319115', 15),
('OC000257', 'BKA429115', 10),
('OC000257', 'BKH50699', 25),
('OC000257', 'BKN319105', 20),
('OC000257', 'BKO176108', 20),
('OC000257', 'BKU429105', 25),
('OC000257', 'BKY550101', 20),
('OC000261', 'BKA143104', 15),
('OC000261', 'BKA385101', 25),
('OC000261', 'BKE363110', 10),
('OC000261', 'BKE968105', 15),
('OC000261', 'BKM515144', 10),
('OC000261', 'BKO264103', 10),
('OC000266', 'BKG600927', 10),
('OC000266', 'BKG775830', 10),
('OC000266', 'BKG825969', 10),
('OC000266', 'BKS979203', 10),
('OC000270', 'BKA286119', 20),
('OC000270', 'BKA297101', 25),
('OC000270', 'BKA770111', 10),
('OC000270', 'BKA968115', 20),
('OC000270', 'BKE550115', 15),
('OC000270', 'BKE627101', 10),
('OC000270', 'BKH86973', 20),
('OC000270', 'BKI968100', 20),
('OC000270', 'BKN462110', 15),
('OC000270', 'BKO16597', 15),
('OC000270', 'BKO23163', 15),
('OC000273', 'BKA561115', 10),
('OC000273', 'BKC550110', 20),
('OC000273', 'BKC957115', 15),
('OC000273', 'BKH418101', 10),
('OC000273', 'BKI407120', 25),
('OC000273', 'BKO286116', 20),
('OC000277', 'BDL688367', 5),
('OC000285', 'BKH52873', 25),
('OC000285', 'BKH70499', 20),
('OC000285', 'BKS894746', 20),
('OC000285', 'BKY25397', 25),
('OC000293', 'BKG545243', 10),
('OC000293', 'BKG731356', 15),
('OC000293', 'BKG775830', 10),
('OC000293', 'BKL624945', 5),
('OC000293', 'BKS894746', 10),
('OC000293', 'BKS900832', 10),
('OC000293', 'BKS979203', 5),
('OC000295', 'BDO685306', 10),
('OC000300', 'BKA506108', 25),
('OC000300', 'BKH165110', 25),
('OC000300', 'BKH72673', 20),
('OC000300', 'BKN374105', 15),
('OC000300', 'BKR143108', 10),
('OC000300', 'BKR594121', 25),
('OC000300', 'BKS869109', 10),
('OC000300', 'BKU132115', 10),
('OC000308', 'BKA583114', 20),
('OC000308', 'BKA825117', 25),
('OC000308', 'BKD583114', 20),
('OC000308', 'BKH649107', 25),
('OC000308', 'BKH74886', 20),
('OC000308', 'BKM19897', 20),
('OC000308', 'BKO396111', 25),
('OC000308', 'BKO396114', 20),
('OC000308', 'BKO924101', 15),
('OC000308', 'BKR286116', 20),
('OC000308', 'BKR451108', 10),
('OC000308', 'BKR869101', 25),
('OC000308', 'BKU297101', 10),
('OC000308', 'BKY902100', 20),
('OC000315', 'BKE935107', 10),
('OC000315', 'BKE946115', 10),
('OC000315', 'BKO649108', 10),
('OC000315', 'BKX517115', 10),
('OC000315', 'BKY968121', 10),
('OC000324', 'BKA209111', 10),
('OC000324', 'BKA902101', 10),
('OC000324', 'BKH13298', 10),
('OC000324', 'BKH385101', 25),
('OC000324', 'BKI198100', 10),
('OC000324', 'BKI726116', 10),
('OC000324', 'BKO38532', 15),
('OC000324', 'BKO451115', 25),
('OC000324', 'BKP68297', 20),
('OC000324', 'BKR682117', 15),
('OC000324', 'BKR693103', 15),
('OC000324', 'BKV880101', 10),
('OC000324', 'BKY20998', 20),
('OC000325', 'BKA35232', 25),
('OC000325', 'BKA605101', 25),
('OC000325', 'BKA770101', 15),
('OC000325', 'BKA825115', 15),
('OC000325', 'BKA990115', 10),
('OC000325', 'BKE77099', 25),
('OC000325', 'BKG341115', 15),
('OC000325', 'BKG649110', 15),
('OC000325', 'BKG957101', 20),
('OC000325', 'BKH121107', 10),
('OC000325', 'BKH40783', 20),
('OC000325', 'BKH572115', 25),
('OC000325', 'BKH880121', 10),
('OC000325', 'BKL594108', 25),
('OC000325', 'BKO89187', 10),
('OC000325', 'BKS319118', 25),
('OC000325', 'BKU330121', 20),
('OC000325', 'BKU803101', 20),
('OC000333', 'BDO687816', 15),
('OC000334', 'BKE253114', 25),
('OC000334', 'BKE96887', 20),
('OC000334', 'BKH30886', 20),
('OC000334', 'BKL96856', 25),
('OC000334', 'BKN110111', 20),
('OC000334', 'BKW385101', 10);

-- --------------------------------------------------------

--
-- Estructura de tabla para la tabla `CATEGORIA`
--

CREATE TABLE `CATEGORIA` (
  `Identificador` varchar(20) CHARACTER SET utf8 NOT NULL,
  `Nombre` tinytext CHARACTER SET utf8 NOT NULL,
  `Popularidad` tinytext CHARACTER SET utf8 NOT NULL
) ENGINE=InnoDB DEFAULT CHARSET=latin1;

--
-- Volcado de datos para la tabla `CATEGORIA`
--

INSERT INTO `CATEGORIA` (`Identificador`, `Nombre`, `Popularidad`) VALUES
('ALMY390', 'Alchemy', '★'),
('ARCY115', 'Arithmancy', '★★'),
('BIES695', 'Biographies/Autobiographies', '★★★★'),
('BIGY766', 'Biology', '★★★'),
('CHMS162', 'Charms', '★★★★★'),
('CORY627', 'Contemporary history', '★★★'),
('CORY748', 'Cookery', '★★★'),
('DATS99', 'Dark Arts', '★★★'),
('DELS742', 'Defensive/Offensive Spells', '★★★★★'),
('DION200', 'Divination', '★★★★'),
('GEKS492', 'General Spellbooks', '★★★★★'),
('HEGY441', 'Herbology', '★★★'),
('HIIC103', 'Historical magic', '★★'),
('HILE707', 'Historical magical people', '★★★'),
('HITS548', 'Historical magical things, places and events', '★'),
('HOLD264', 'Household', '★★★'),
('MAAW428', 'Magical Law', '★★'),
('MAES883', 'Magical Creatures', '★★★★'),
('MALP276', 'Magical Self-Help', '★★★★'),
('MUAW11', 'Muggle Law', '★'),
('MUES134', 'Muggle Studies', '★'),
('OTKS893', 'Other books', '★'),
('PHCS652', 'Physics', '★★'),
('PONS3', 'Potions', '★★★★'),
('REES789', 'Revision Guides', '★★★★★'),
('SPES554', 'Sports and Games', '★★★★★'),
('STRY881', 'Study of Ancient Runes and Magical Theory', '★'),
('THON244', 'Theology and Religion', '★'),
('TRON737', 'Transportation', '★★★'),
('TRON973', 'Transfiguration', '★★★');

-- --------------------------------------------------------

--
-- Estructura de tabla para la tabla `CLIENTE`
--

CREATE TABLE `CLIENTE` (
  `Rut` varchar(10) CHARACTER SET utf8 NOT NULL,
  `Nombre` text CHARACTER SET utf8 NOT NULL,
  `FechaNacimiento` date NOT NULL,
  `Pais` text CHARACTER SET utf8 NOT NULL
) ENGINE=InnoDB DEFAULT CHARSET=latin1;

--
-- Volcado de datos para la tabla `CLIENTE`
--

INSERT INTO `CLIENTE` (`Rut`, `Nombre`, `FechaNacimiento`, `Pais`) VALUES
('102321643', 'Sophia Prickett', '1993-01-11', 'Ireland'),
('102891124', 'Sanford Humberston', '1967-09-26', 'England'),
('103671897', 'Hugh Biggs', '1980-01-12', 'Ireland'),
('104015629', 'Olympe Maxime', '1969-08-07', 'France'),
('104450027', 'James Potter', '1994-11-11', 'England'),
('104981567', 'Neville Longbottom', '1967-05-15', 'England'),
('106214857', 'Charles Machin', '1995-08-12', 'England'),
('106648787', 'Lynette Sawley', '1988-03-26', 'Ireland'),
('108454364', 'Vladimir Poliakoff', '1980-09-20', 'Russia'),
('112138192', 'Geoffrey Stradbroke', '1968-04-03', 'England'),
('113464641', 'Selina Moore', '1987-08-25', 'Scotland'),
('113687646', 'Chie Shinohara', '1984-06-21', 'England'),
('117013659', 'George Weasley', '1991-09-04', 'England'),
('117035232', 'John Dawlish', '1972-09-26', 'England'),
('119647692', 'Teodore Lupin', '1980-09-15', 'England'),
('119757041', 'Richard Sky', '1988-10-12', 'Ireland'),
('122469398', 'Nicolas Grimmett', '1969-10-18', 'Ireland'),
('125715021', 'Derek Shepard', '1994-10-21', 'England'),
('127606151', 'Mathilda Greenford', '1974-09-09', 'England'),
('128612977', 'Russell Lucky', '1982-01-03', 'Ireland'),
('129081058', 'Pomona Sprout', '1992-09-09', 'Scotland'),
('130201913', 'Padma Patil', '1972-02-26', 'England'),
('131607860', 'Donaghan Tremlett', '1991-05-27', 'Ireland'),
('132036593', 'Alicia Spinnet', '1971-02-04', 'England'),
('133378296', 'Anthony Goldstein', '1973-12-20', 'England'),
('135460975', 'Raashid Hussain', '1985-01-16', 'England'),
('136739269', 'Draco Malfoy', '1965-04-04', 'England'),
('139360419', 'Dora Williams', '1990-07-22', 'England'),
('139758402', 'Michael Corner', '1990-08-23', 'England'),
('139767664', 'Adrian Pucey', '1986-04-13', 'England'),
('141462022', 'Kenneth Towler', '1971-08-03', 'England'),
('146655167', 'Mundungus Fletcher', '1968-12-27', 'Ireland'),
('148622186', 'Arnold Streeton', '1980-03-26', 'England'),
('148643430', 'Cormac McLaggen', '1993-10-18', 'England'),
('149051645', 'Ashley Sanders', '1968-03-27', 'England'),
('150324775', 'Victoire Weasley', '1967-08-27', 'England'),
('150855222', 'Sally Birchgrove', '1972-01-28', 'England'),
('150868260', 'Rufus Winickus', '1985-09-23', 'Scotland'),
('151161005', 'Hermione Granger', '1985-06-05', 'England'),
('151285622', 'Lee Jordan', '1965-09-08', 'England'),
('151751937', 'Susan Bones', '1980-10-11', 'England'),
('152555555', 'Jennifer Dawn', '1971-12-27', 'Ireland'),
('152600800', 'Alison Denshaw', '1988-04-17', 'England'),
('153989552', 'Marcus Flint', '1966-08-02', 'England'),
('155746177', 'Gerard Willerby', '1992-02-27', 'England'),
('156146364', 'Kinjal Bhatia', '1968-01-12', 'England'),
('157736874', 'Kevin Sterndale', '1974-09-15', 'Ireland'),
('159273472', 'Harry Potter', '1973-02-28', 'England'),
('159485380', 'Selina Sapworthy', '1975-05-09', 'Scotland'),
('159737366', 'Hazel Stickney', '1973-06-08', 'Scotland'),
('160491381', 'Justin Finch-Fletchley', '1992-02-20', 'England'),
('163875967', 'Marcus Belby', '1969-05-02', 'Scotland'),
('163903293', 'Jason Huntingdon', '1965-07-26', 'England'),
('164345151', 'Luna Lovegood', '1989-11-14', 'England'),
('165056172', 'Andromeda Tonks', '1976-08-28', 'England'),
('165861175', 'Parvati Patil', '1965-08-03', 'England'),
('166430225', 'Mary Macdonald', '1987-12-24', 'Scotland'),
('166469021', 'Pansy Parkinson', '1985-10-24', 'England'),
('168757797', 'Dennis Creevey', '1995-06-07', 'England'),
('169649594', 'Albert Bellchant', '1971-04-17', 'England'),
('170079121', 'Ernest Macmillan', '1994-11-12', 'England'),
('172107816', 'Patricia Stimpson', '1991-07-15', 'Scotland'),
('172732438', 'Morag MacDougal', '1988-08-04', 'Scotland'),
('173287688', 'Viktor Krum', '1991-12-22', 'Russia'),
('174272287', 'Darius Berrow', '1995-05-19', 'England'),
('174739291', 'Yatin Bhagat', '1969-08-06', 'England'),
('174932310', 'Luc Millefeuille', '1987-05-26', 'France'),
('175796699', 'Angelina Johnson', '1984-07-03', 'England'),
('176562977', 'Reiko Sibazaki', '1966-10-12', 'England'),
('176645101', 'Fleur Delacour', '1986-06-26', 'France'),
('177432249', 'Romilda Vane', '1985-08-26', 'England'),
('180384682', 'Ronald Weasley', '1965-12-25', 'England'),
('180404885', 'Cho Chang', '1980-04-16', 'England'),
('180630452', 'Vicky Bishopper', '1993-01-08', 'England'),
('181087480', 'Hannah Abott', '1974-01-23', 'England'),
('181734490', 'Katie Bell', '1990-02-14', 'England'),
('183595660', 'Damon Gosforth', '1983-09-19', 'England'),
('183997783', 'Ginebra Weasley', '1981-09-27', 'England'),
('184348736', 'Jason Samuels', '1987-11-23', 'England'),
('184748677', 'Gellert Grindelwald', '1988-11-15', 'Germany'),
('184889709', 'Xenophilius Lovegood', '1976-11-07', 'England'),
('185355573', 'Kajol Bhatt', '1981-08-30', 'England'),
('185773325', 'Tracey Davis', '1992-04-18', 'England'),
('185810243', 'Ella Wilkins', '1986-08-15', 'Scotland'),
('186819188', 'Seamus Finnigan', '1974-05-17', 'England'),
('187254448', 'Satinder Singh', '1972-12-27', 'Scotland'),
('188774532', 'Eileen Prince', '1991-08-24', 'England'),
('188983541', 'Vincent Duc de Trefle-Picques', '1970-11-27', 'France'),
('189549041', 'Igor Karkaroff', '1973-02-01', 'Russia'),
('191316780', 'Ethan Bexley', '1995-06-10', 'England'),
('191496773', 'Ignatia Wildsmith', '1968-06-12', 'England'),
('192071464', 'Simon Wilkinson', '1987-12-22', 'Ireland'),
('192901620', 'Terry Boot', '1992-12-03', 'Scotland'),
('195615344', 'Dean Thomas', '1974-09-22', 'Scotland'),
('197654822', 'Gabrielle Delacour', '1969-10-02', 'France'),
('197825780', 'Graham Pritchard', '1987-02-13', 'Ireland'),
('197919840', 'Phylis Whitehead', '1971-01-02', 'Ireland'),
('199861818', 'Lyall Lupin', '1995-05-04', 'England'),
('199900240', 'Colin Creevey', '1987-01-28', 'England'),
('50130', 'Nicolas Flamel', '1777-06-04', 'England'),
('50598', 'Perenelle Flamel', '1784-08-06', 'France');

-- --------------------------------------------------------

--
-- Estructura de tabla para la tabla `COLEGIO`
--

CREATE TABLE `COLEGIO` (
  `Nombre` varchar(50) CHARACTER SET utf8 NOT NULL,
  `Ubicacion` tinytext CHARACTER SET utf8 NOT NULL,
  `PuntajeOWL` text NOT NULL
) ENGINE=InnoDB DEFAULT CHARSET=latin1;

--
-- Volcado de datos para la tabla `COLEGIO`
--

INSERT INTO `COLEGIO` (`Nombre`, `Ubicacion`, `PuntajeOWL`) VALUES
('Durmstrang Institute', 'Sweden', 'C'),
('Hogwarts School of Witchcraft and Wizardry', 'Scotland', 'B'),
('LAcademie de Magie de Beauxbatons', 'France', 'B');

-- --------------------------------------------------------

--
-- Estructura de tabla para la tabla `ESTANTE`
--

CREATE TABLE `ESTANTE` (
  `Codigo` varchar(10) CHARACTER SET utf8 NOT NULL,
  `Capacidad` int(11) NOT NULL,
  `IdCategoria` varchar(20) CHARACTER SET utf8 NOT NULL
) ENGINE=InnoDB DEFAULT CHARSET=latin1;

--
-- Volcado de datos para la tabla `ESTANTE`
--

INSERT INTO `ESTANTE` (`Codigo`, `Capacidad`, `IdCategoria`) VALUES
('BAC651104', 100, 'ARCY115'),
('BAC655007', 150, 'ARCY115'),
('BAM658369', 100, 'ALMY390'),
('BBE661183', 100, 'BIES695'),
('BBE665001', 300, 'BIES695'),
('BBE665524', 100, 'BIES695'),
('BBE666538', 100, 'BIES695'),
('BBE668739', 100, 'BIES695'),
('BBE669380', 100, 'BIES695'),
('BCM672008', 350, 'CHMS162'),
('BCM673374', 200, 'CHMS162'),
('BCM674802', 300, 'CHMS162'),
('BCM674904', 200, 'CHMS162'),
('BCM676661', 100, 'CHMS162'),
('BCM678932', 80, 'CHMS162'),
('BCM678990', 100, 'CHMS162'),
('BCR672761', 100, 'CORY627'),
('BCR674953', 80, 'CORY748'),
('BCR674995', 150, 'CORY748'),
('BCR678554', 150, 'CORY748'),
('BDL682693', 100, 'DELS742'),
('BDL686189', 150, 'DELS742'),
('BDL686286', 100, 'DELS742'),
('BDL688367', 80, 'DELS742'),
('BDL688664', 100, 'DELS742'),
('BDL689286', 300, 'DELS742'),
('BDO683126', 150, 'DION200'),
('BDO683670', 150, 'DION200'),
('BDO685306', 80, 'DION200'),
('BDO686248', 150, 'DION200'),
('BDO687062', 80, 'DION200'),
('BDO687816', 80, 'DION200'),
('BDO688138', 150, 'DION200'),
('BDT682584', 100, 'DATS99'),
('BGK712073', 100, 'GEKS492'),
('BGK712335', 50, 'GEKS492'),
('BGK718093', 100, 'GEKS492'),
('BGK719208', 80, 'GEKS492'),
('BHG721302', 150, 'HEGY441'),
('BHG721323', 150, 'HEGY441'),
('BHG722226', 150, 'HEGY441'),
('BHG724585', 150, 'HEGY441'),
('BHG724769', 80, 'HEGY441'),
('BHG725286', 100, 'HEGY441'),
('BHG727077', 150, 'HEGY441'),
('BHI725137', 100, 'HIIC103'),
('BHI729629', 100, 'HIIC103'),
('BHL722458', 100, 'HILE707'),
('BHL723308', 150, 'HILE707'),
('BHL724027', 100, 'HILE707'),
('BHL724099', 100, 'HILE707'),
('BHL725735', 80, 'HOLD264'),
('BHL727895', 100, 'HOLD264'),
('BHL728167', 100, 'HILE707'),
('BHL728425', 100, 'HILE707'),
('BHL729876', 80, 'HOLD264'),
('BHT721330', 100, 'HITS548'),
('BHT723339', 150, 'HITS548'),
('BHT726260', 100, 'HITS548'),
('BMA773004', 100, 'MAAW428'),
('BMA773095', 100, 'MAAW428'),
('BMA775447', 200, 'MAAW428'),
('BMA776546', 300, 'MAAW428'),
('BMA776784', 80, 'MAAW428'),
('BMA777326', 100, 'MAAW428'),
('BMA777856', 100, 'MUAW11'),
('BMA779871', 80, 'MAAW428'),
('BME771134', 100, 'MUES134'),
('BME771459', 450, 'MAES883'),
('BME771618', 150, 'MUES134'),
('BME772066', 80, 'MUES134'),
('BME773202', 100, 'MAES883'),
('BME773872', 80, 'MAES883'),
('BME774248', 100, 'MAES883'),
('BME775238', 150, 'MUES134'),
('BME775477', 300, 'MAES883'),
('BME776608', 80, 'MAES883'),
('BME777382', 400, 'MAES883'),
('BME777839', 150, 'MAES883'),
('BME778717', 200, 'MAES883'),
('BME778798', 150, 'MAES883'),
('BME779666', 300, 'MAES883'),
('BOK794704', 100, 'OTKS893'),
('BOK795300', 300, 'OTKS893'),
('BOK799682', 300, 'OTKS893'),
('BOK799815', 300, 'OTKS893'),
('BPC802247', 100, 'PHCS652'),
('BRE827143', 150, 'REES789'),
('BRE827155', 80, 'REES789'),
('BRE828558', 80, 'REES789'),
('BRE829662', 100, 'REES789'),
('BRE829730', 80, 'REES789'),
('BSE833880', 100, 'SPES554'),
('BSE835203', 100, 'SPES554'),
('BSE835242', 100, 'SPES554'),
('BSR831093', 150, 'STRY881'),
('BSR834570', 150, 'STRY881'),
('BSR836310', 150, 'STRY881'),
('BSR836897', 80, 'STRY881'),
('BSR839099', 150, 'STRY881'),
('BTO842194', 150, 'TRON973'),
('BTO842282', 100, 'TRON737'),
('BTO843190', 80, 'TRON737'),
('BTO845458', 150, 'TRON973'),
('BTO846441', 150, 'TRON973'),
('BTO847693', 80, 'TRON973'),
('BTO847785', 80, 'TRON737'),
('BTO849538', 150, 'TRON973');

-- --------------------------------------------------------

--
-- Estructura de tabla para la tabla `INCLUYE`
--

CREATE TABLE `INCLUYE` (
  `NroBoleta` varchar(10) CHARACTER SET utf8 NOT NULL,
  `RutCliente` varchar(10) CHARACTER SET utf8 NOT NULL,
  `Anio` varchar(4) CHARACTER SET utf8 NOT NULL,
  `Curso` varchar(10) CHARACTER SET utf8 NOT NULL,
  `Nombre` varchar(50) NOT NULL
) ENGINE=InnoDB DEFAULT CHARSET=latin1;

--
-- Volcado de datos para la tabla `INCLUYE`
--

INSERT INTO `INCLUYE` (`NroBoleta`, `RutCliente`, `Anio`, `Curso`, `Nombre`) VALUES
('BLT000001', '151285622', '2017', 'III', 'Durmstrang Institute'),
('BLT000002', '150324775', '2017', 'I', 'Durmstrang Institute'),
('BLT000002', '150324775', '2017', 'III', 'Durmstrang Institute'),
('BLT000003', '152600800', '2017', 'V', 'LAcademie de Magie de Beauxbatons'),
('BLT000004', '188774532', '2017', 'III', 'Durmstrang Institute'),
('BLT000005', '199861818', '2017', 'II', 'Hogwarts School of Witchcraft and Wizardry'),
('BLT000005', '199861818', '2017', 'III', 'Hogwarts School of Witchcraft and Wizardry'),
('BLT000006', '127606151', '2017', 'V', 'Durmstrang Institute'),
('BLT000007', '139360419', '2017', 'I', 'LAcademie de Magie de Beauxbatons'),
('BLT000008', '192071464', '2017', 'III', 'LAcademie de Magie de Beauxbatons'),
('BLT000009', '163875967', '2017', 'II', 'Hogwarts School of Witchcraft and Wizardry'),
('BLT000010', '151285622', '2017', 'II', 'Hogwarts School of Witchcraft and Wizardry'),
('BLT000011', '187254448', '2017', 'II', 'Hogwarts School of Witchcraft and Wizardry'),
('BLT000013', '174739291', '2017', 'III', 'LAcademie de Magie de Beauxbatons'),
('BLT000014', '164345151', '2017', 'IV', 'Hogwarts School of Witchcraft and Wizardry'),
('BLT000015', '172732438', '2017', 'I', 'LAcademie de Magie de Beauxbatons'),
('BLT000016', '152555555', '2017', 'II', 'LAcademie de Magie de Beauxbatons'),
('BLT000016', '152555555', '2017', 'III', 'LAcademie de Magie de Beauxbatons'),
('BLT000019', '181087480', '2017', 'I', 'Hogwarts School of Witchcraft and Wizardry'),
('BLT000019', '181087480', '2017', 'V', 'Hogwarts School of Witchcraft and Wizardry'),
('BLT000020', '103671897', '2017', 'II', 'Hogwarts School of Witchcraft and Wizardry'),
('BLT000021', '159273472', '2017', 'I', 'Hogwarts School of Witchcraft and Wizardry'),
('BLT000022', '152600800', '2017', 'V', 'Hogwarts School of Witchcraft and Wizardry'),
('BLT000023', '128612977', '2017', 'II', 'Hogwarts School of Witchcraft and Wizardry'),
('BLT000024', '184889709', '2017', 'II', 'Hogwarts School of Witchcraft and Wizardry'),
('BLT000024', '184889709', '2017', 'VI', 'Hogwarts School of Witchcraft and Wizardry'),
('BLT000025', '199861818', '2017', 'III', 'LAcademie de Magie de Beauxbatons'),
('BLT000026', '175796699', '2017', 'IV', 'LAcademie de Magie de Beauxbatons'),
('BLT000027', '151751937', '2017', 'VIII', 'LAcademie de Magie de Beauxbatons'),
('BLT000028', '117013659', '2017', 'III', 'Durmstrang Institute'),
('BLT000031', '165861175', '2017', 'I', 'Durmstrang Institute'),
('BLT000034', '104450027', '2017', 'I', 'LAcademie de Magie de Beauxbatons'),
('BLT000035', '139767664', '2017', 'III', 'LAcademie de Magie de Beauxbatons'),
('BLT000036', '130201913', '2017', 'VI', 'LAcademie de Magie de Beauxbatons'),
('BLT000037', '103671897', '2017', 'II', 'Hogwarts School of Witchcraft and Wizardry'),
('BLT000038', '165056172', '2017', 'VI', 'Hogwarts School of Witchcraft and Wizardry'),
('BLT000039', '130201913', '2017', 'II', 'Hogwarts School of Witchcraft and Wizardry'),
('BLT000039', '130201913', '2017', 'V', 'Hogwarts School of Witchcraft and Wizardry'),
('BLT000040', '188774532', '2017', 'VI', 'LAcademie de Magie de Beauxbatons'),
('BLT000040', '188774532', '2017', 'VII', 'LAcademie de Magie de Beauxbatons'),
('BLT000041', '129081058', '2017', 'I', 'LAcademie de Magie de Beauxbatons'),
('BLT000042', '177432249', '2017', 'IV', 'Hogwarts School of Witchcraft and Wizardry'),
('BLT000043', '166469021', '2017', 'IV', 'Hogwarts School of Witchcraft and Wizardry'),
('BLT000044', '152600800', '2017', 'I', 'Hogwarts School of Witchcraft and Wizardry'),
('BLT000044', '152600800', '2017', 'III', 'Hogwarts School of Witchcraft and Wizardry'),
('BLT000045', '175796699', '2017', 'I', 'Hogwarts School of Witchcraft and Wizardry'),
('BLT000046', '174932310', '2017', 'V', 'LAcademie de Magie de Beauxbatons'),
('BLT000048', '50598', '2017', 'IV', 'Hogwarts School of Witchcraft and Wizardry'),
('BLT000051', '170079121', '2017', 'VI', 'LAcademie de Magie de Beauxbatons'),
('BLT000051', '170079121', '2017', 'VII', 'LAcademie de Magie de Beauxbatons'),
('BLT000052', '186819188', '2017', 'I', 'LAcademie de Magie de Beauxbatons'),
('BLT000053', '139767664', '2017', 'III', 'Hogwarts School of Witchcraft and Wizardry'),
('BLT000053', '139767664', '2017', 'IV', 'Hogwarts School of Witchcraft and Wizardry'),
('BLT000054', '104450027', '2017', 'I', 'Hogwarts School of Witchcraft and Wizardry'),
('BLT000054', '104450027', '2017', 'II', 'Hogwarts School of Witchcraft and Wizardry'),
('BLT000055', '191496773', '2017', 'I', 'LAcademie de Magie de Beauxbatons'),
('BLT000055', '191496773', '2017', 'II', 'Hogwarts School of Witchcraft and Wizardry'),
('BLT000055', '191496773', '2017', 'IV', 'Hogwarts School of Witchcraft and Wizardry'),
('BLT000055', '191496773', '2017', 'V', 'Durmstrang Institute'),
('BLT000056', '104015629', '2017', 'III', 'LAcademie de Magie de Beauxbatons'),
('BLT000057', '174932310', '2017', 'II', 'Hogwarts School of Witchcraft and Wizardry'),
('BLT000057', '174932310', '2017', 'II', 'LAcademie de Magie de Beauxbatons'),
('BLT000058', '104981567', '2017', 'V', 'Hogwarts School of Witchcraft and Wizardry'),
('BLT000059', '119647692', '2017', 'II', 'Durmstrang Institute'),
('BLT000067', '176645101', '2017', 'V', 'Hogwarts School of Witchcraft and Wizardry'),
('BLT000075', '129081058', '2017', 'IV', 'LAcademie de Magie de Beauxbatons'),
('BLT000079', '173287688', '2017', 'IV', 'Hogwarts School of Witchcraft and Wizardry'),
('BLT000081', '183595660', '2017', 'VI', 'Durmstrang Institute'),
('BLT000089', '139360419', '2017', 'V', 'Hogwarts School of Witchcraft and Wizardry'),
('BLT000090', '174739291', '2017', 'II', 'LAcademie de Magie de Beauxbatons'),
('BLT000091', '163903293', '2017', 'II', 'Durmstrang Institute'),
('BLT000092', '133378296', '2017', 'II', 'Hogwarts School of Witchcraft and Wizardry'),
('BLT000094', '192901620', '2017', 'II', 'Hogwarts School of Witchcraft and Wizardry'),
('BLT000095', '139360419', '2017', 'IV', 'LAcademie de Magie de Beauxbatons'),
('BLT000096', '184889709', '2017', 'VI', 'Durmstrang Institute'),
('BLT000097', '188983541', '2017', 'VII', 'LAcademie de Magie de Beauxbatons'),
('BLT000099', '176562977', '2017', 'VI', 'Hogwarts School of Witchcraft and Wizardry'),
('BLT000100', '189549041', '2017', 'III', 'LAcademie de Magie de Beauxbatons'),
('BLT000103', '180384682', '2017', 'V', 'Durmstrang Institute'),
('BLT000104', '166430225', '2017', 'II', 'LAcademie de Magie de Beauxbatons'),
('BLT000105', '185355573', '2017', 'II', 'Hogwarts School of Witchcraft and Wizardry'),
('BLT000106', '131607860', '2017', 'V', 'Hogwarts School of Witchcraft and Wizardry'),
('BLT000106', '131607860', '2017', 'VI', 'Hogwarts School of Witchcraft and Wizardry'),
('BLT000107', '197919840', '2017', 'VIII', 'LAcademie de Magie de Beauxbatons'),
('BLT000110', '187254448', '2017', 'VI', 'LAcademie de Magie de Beauxbatons'),
('BLT000113', '159485380', '2017', 'III', 'LAcademie de Magie de Beauxbatons'),
('BLT000115', '199861818', '2017', 'V', 'Hogwarts School of Witchcraft and Wizardry'),
('BLT000118', '117035232', '2017', 'IV', 'LAcademie de Magie de Beauxbatons'),
('BLT000119', '185773325', '2017', 'VI', 'Durmstrang Institute'),
('BLT000120', '185355573', '2017', 'VI', 'LAcademie de Magie de Beauxbatons'),
('BLT000120', '185355573', '2017', 'VII', 'LAcademie de Magie de Beauxbatons'),
('BLT000121', '175796699', '2017', 'VII', 'Hogwarts School of Witchcraft and Wizardry'),
('BLT000122', '166430225', '2017', 'III', 'Hogwarts School of Witchcraft and Wizardry'),
('BLT000122', '166430225', '2017', 'IV', 'Hogwarts School of Witchcraft and Wizardry'),
('BLT000123', '150855222', '2017', 'V', 'Durmstrang Institute'),
('BLT000124', '152555555', '2017', 'I', 'Hogwarts School of Witchcraft and Wizardry'),
('BLT000130', '151161005', '2017', 'IV', 'Hogwarts School of Witchcraft and Wizardry'),
('BLT000133', '188983541', '2017', 'I', 'Hogwarts School of Witchcraft and Wizardry'),
('BLT000134', '122469398', '2017', 'I', 'LAcademie de Magie de Beauxbatons'),
('BLT000135', '104015629', '2017', 'II', 'Hogwarts School of Witchcraft and Wizardry'),
('BLT000135', '104015629', '2017', 'III', 'Hogwarts School of Witchcraft and Wizardry'),
('BLT000136', '122469398', '2017', 'II', 'Hogwarts School of Witchcraft and Wizardry'),
('BLT000137', '163903293', '2017', 'V', 'Durmstrang Institute'),
('BLT000138', '127606151', '2017', 'IV', 'Hogwarts School of Witchcraft and Wizardry'),
('BLT000140', '197919840', '2017', 'II', 'Hogwarts School of Witchcraft and Wizardry'),
('BLT000141', '187254448', '2017', 'V', 'Hogwarts School of Witchcraft and Wizardry'),
('BLT000149', '112138192', '2017', 'IV', 'Hogwarts School of Witchcraft and Wizardry'),
('BLT000151', '181087480', '2017', 'I', 'LAcademie de Magie de Beauxbatons'),
('BLT000155', '160491381', '2017', 'V', 'Durmstrang Institute'),
('BLT000158', '106648787', '2017', 'II', 'Hogwarts School of Witchcraft and Wizardry'),
('BLT000160', '50598', '2017', 'V', 'Hogwarts School of Witchcraft and Wizardry'),
('BLT000161', '180404885', '2017', 'II', 'Hogwarts School of Witchcraft and Wizardry'),
('BLT000168', '135460975', '2017', 'V', 'LAcademie de Magie de Beauxbatons'),
('BLT000170', '159737366', '2017', 'V', 'Hogwarts School of Witchcraft and Wizardry'),
('BLT000172', '185810243', '2017', 'II', 'Hogwarts School of Witchcraft and Wizardry'),
('BLT000173', '141462022', '2017', 'V', 'LAcademie de Magie de Beauxbatons'),
('BLT000175', '184348736', '2017', 'VI', 'Hogwarts School of Witchcraft and Wizardry'),
('BLT000178', '104981567', '2017', 'VIII', 'LAcademie de Magie de Beauxbatons'),
('BLT000179', '192071464', '2017', 'II', 'LAcademie de Magie de Beauxbatons'),
('BLT000181', '165056172', '2017', 'III', 'Hogwarts School of Witchcraft and Wizardry'),
('BLT000182', '189549041', '2017', 'I', 'LAcademie de Magie de Beauxbatons'),
('BLT000183', '102321643', '2017', 'III', 'Hogwarts School of Witchcraft and Wizardry'),
('BLT000185', '106648787', '2017', 'III', 'Hogwarts School of Witchcraft and Wizardry'),
('BLT000187', '199861818', '2017', 'I', 'LAcademie de Magie de Beauxbatons'),
('BLT000188', '113687646', '2017', 'III', 'Durmstrang Institute'),
('BLT000189', '155746177', '2017', 'III', 'Hogwarts School of Witchcraft and Wizardry'),
('BLT000191', '183595660', '2017', 'I', 'LAcademie de Magie de Beauxbatons'),
('BLT000193', '183997783', '2017', 'III', 'Hogwarts School of Witchcraft and Wizardry'),
('BLT000194', '104981567', '2017', 'IV', 'LAcademie de Magie de Beauxbatons'),
('BLT000195', '50130', '2017', 'IV', 'LAcademie de Magie de Beauxbatons'),
('BLT000198', '148622186', '2017', 'IV', 'Hogwarts School of Witchcraft and Wizardry'),
('BLT000208', '191496773', '2017', 'V', 'Hogwarts School of Witchcraft and Wizardry'),
('BLT000212', '117035232', '2017', 'III', 'Hogwarts School of Witchcraft and Wizardry'),
('BLT000213', '104450027', '2017', 'V', 'LAcademie de Magie de Beauxbatons'),
('BLT000217', '157736874', '2017', 'I', 'LAcademie de Magie de Beauxbatons'),
('BLT000219', '197919840', '2017', 'V', 'Hogwarts School of Witchcraft and Wizardry'),
('BLT000219', '197919840', '2017', 'VI', 'Hogwarts School of Witchcraft and Wizardry'),
('BLT000226', '139767664', '2017', 'V', 'LAcademie de Magie de Beauxbatons'),
('BLT000227', '159273472', '2017', 'I', 'LAcademie de Magie de Beauxbatons'),
('BLT000228', '174272287', '2017', 'III', 'Durmstrang Institute'),
('BLT000229', '153989552', '2017', 'II', 'Hogwarts School of Witchcraft and Wizardry'),
('BLT000229', '153989552', '2017', 'III', 'Hogwarts School of Witchcraft and Wizardry'),
('BLT000230', '181734490', '2017', 'II', 'Hogwarts School of Witchcraft and Wizardry'),
('BLT000231', '176562977', '2017', 'V', 'Durmstrang Institute'),
('BLT000232', '113464641', '2017', 'V', 'Hogwarts School of Witchcraft and Wizardry'),
('BLT000232', '113464641', '2017', 'VI', 'Hogwarts School of Witchcraft and Wizardry'),
('BLT000233', '150324775', '2017', 'II', 'Hogwarts School of Witchcraft and Wizardry'),
('BLT000234', '102321643', '2017', 'IV', 'LAcademie de Magie de Beauxbatons'),
('BLT000234', '102321643', '2017', 'VII', 'LAcademie de Magie de Beauxbatons'),
('BLT000235', '129081058', '2017', 'VI', 'LAcademie de Magie de Beauxbatons'),
('BLT000236', '192071464', '2017', 'I', 'LAcademie de Magie de Beauxbatons'),
('BLT000237', '166469021', '2017', 'III', 'Hogwarts School of Witchcraft and Wizardry'),
('BLT000237', '166469021', '2017', 'VII', 'Hogwarts School of Witchcraft and Wizardry'),
('BLT000239', '191496773', '2017', 'V', 'Durmstrang Institute'),
('BLT000241', '148643430', '2017', 'II', 'Hogwarts School of Witchcraft and Wizardry'),
('BLT000244', '165056172', '2017', 'VIII', 'LAcademie de Magie de Beauxbatons'),
('BLT000245', '117013659', '2017', 'IV', 'Hogwarts School of Witchcraft and Wizardry'),
('BLT000246', '112138192', '2017', 'III', 'LAcademie de Magie de Beauxbatons'),
('BLT000246', '112138192', '2017', 'VIII', 'LAcademie de Magie de Beauxbatons'),
('BLT000247', '153989552', '2017', 'I', 'LAcademie de Magie de Beauxbatons'),
('BLT000248', '160491381', '2017', 'I', 'Durmstrang Institute'),
('BLT000248', '160491381', '2017', 'V', 'Durmstrang Institute'),
('BLT000249', '183997783', '2017', 'VI', 'Hogwarts School of Witchcraft and Wizardry'),
('BLT000250', '180404885', '2017', 'II', 'Hogwarts School of Witchcraft and Wizardry'),
('BLT000250', '180404885', '2017', 'II', 'LAcademie de Magie de Beauxbatons'),
('BLT000253', '135460975', '2017', 'VI', 'Hogwarts School of Witchcraft and Wizardry'),
('BLT000255', '188774532', '2017', 'III', 'LAcademie de Magie de Beauxbatons'),
('BLT000256', '128612977', '2017', 'II', 'Hogwarts School of Witchcraft and Wizardry'),
('BLT000257', '197825780', '2017', 'III', 'LAcademie de Magie de Beauxbatons'),
('BLT000259', '141462022', '2017', 'IV', 'Hogwarts School of Witchcraft and Wizardry'),
('BLT000262', '166430225', '2017', 'II', 'Hogwarts School of Witchcraft and Wizardry'),
('BLT000263', '151751937', '2017', 'V', 'Hogwarts School of Witchcraft and Wizardry'),
('BLT000264', '199900240', '2017', 'I', 'Hogwarts School of Witchcraft and Wizardry'),
('BLT000265', '129081058', '2017', 'IV', 'LAcademie de Magie de Beauxbatons'),
('BLT000265', '129081058', '2017', 'VIII', 'LAcademie de Magie de Beauxbatons'),
('BLT000266', '197919840', '2017', 'IV', 'Hogwarts School of Witchcraft and Wizardry'),
('BLT000267', '125715021', '2017', 'VIII', 'LAcademie de Magie de Beauxbatons'),
('BLT000268', '119647692', '2017', 'III', 'LAcademie de Magie de Beauxbatons'),
('BLT000269', '129081058', '2017', 'I', 'LAcademie de Magie de Beauxbatons'),
('BLT000270', '197654822', '2017', 'II', 'Hogwarts School of Witchcraft and Wizardry'),
('BLT000272', '166469021', '2017', 'IV', 'Hogwarts School of Witchcraft and Wizardry'),
('BLT000273', '150868260', '2017', 'VIII', 'LAcademie de Magie de Beauxbatons'),
('BLT000276', '172107816', '2017', 'VI', 'LAcademie de Magie de Beauxbatons'),
('BLT000280', '150868260', '2017', 'IV', 'Hogwarts School of Witchcraft and Wizardry'),
('BLT000281', '146655167', '2017', 'VI', 'Durmstrang Institute'),
('BLT000283', '197919840', '2017', 'I', 'Hogwarts School of Witchcraft and Wizardry'),
('BLT000284', '185773325', '2017', 'IV', 'LAcademie de Magie de Beauxbatons'),
('BLT000285', '172107816', '2017', 'VIII', 'LAcademie de Magie de Beauxbatons'),
('BLT000286', '108454364', '2017', 'IV', 'Hogwarts School of Witchcraft and Wizardry'),
('BLT000287', '136739269', '2017', 'VIII', 'LAcademie de Magie de Beauxbatons'),
('BLT000288', '149051645', '2017', 'II', 'Hogwarts School of Witchcraft and Wizardry'),
('BLT000288', '149051645', '2017', 'III', 'Hogwarts School of Witchcraft and Wizardry'),
('BLT000289', '199861818', '2017', 'II', 'Hogwarts School of Witchcraft and Wizardry'),
('BLT000290', '199861818', '2017', 'II', 'Hogwarts School of Witchcraft and Wizardry'),
('BLT000291', '130201913', '2017', 'V', 'Durmstrang Institute'),
('BLT000292', '135460975', '2017', 'IV', 'Hogwarts School of Witchcraft and Wizardry'),
('BLT000293', '173287688', '2017', 'I', 'LAcademie de Magie de Beauxbatons'),
('BLT000294', '139758402', '2017', 'II', 'Hogwarts School of Witchcraft and Wizardry'),
('BLT000294', '139758402', '2017', 'II', 'LAcademie de Magie de Beauxbatons'),
('BLT000294', '139758402', '2017', 'III', 'LAcademie de Magie de Beauxbatons'),
('BLT000295', '153989552', '2017', 'V', 'Hogwarts School of Witchcraft and Wizardry'),
('BLT000296', '176645101', '2017', 'I', 'Hogwarts School of Witchcraft and Wizardry'),
('BLT000297', '183595660', '2017', 'I', 'Hogwarts School of Witchcraft and Wizardry'),
('BLT000303', '164345151', '2017', 'VI', 'Hogwarts School of Witchcraft and Wizardry'),
('BLT000305', '180404885', '2017', 'III', 'Hogwarts School of Witchcraft and Wizardry'),
('BLT000305', '180404885', '2017', 'IV', 'Hogwarts School of Witchcraft and Wizardry'),
('BLT000305', '180404885', '2017', 'VI', 'LAcademie de Magie de Beauxbatons'),
('BLT000306', '166430225', '2017', 'III', 'Durmstrang Institute'),
('BLT000307', '166469021', '2017', 'I', 'Durmstrang Institute'),
('BLT000308', '195615344', '2017', 'III', 'Hogwarts School of Witchcraft and Wizardry'),
('BLT000309', '180404885', '2017', 'V', 'LAcademie de Magie de Beauxbatons'),
('BLT000310', '172107816', '2017', 'I', 'Hogwarts School of Witchcraft and Wizardry'),
('BLT000310', '172107816', '2017', 'I', 'LAcademie de Magie de Beauxbatons'),
('BLT000311', '172107816', '2017', 'II', 'Hogwarts School of Witchcraft and Wizardry'),
('BLT000311', '172107816', '2017', 'V', 'Hogwarts School of Witchcraft and Wizardry'),
('BLT000311', '172107816', '2017', 'VI', 'Hogwarts School of Witchcraft and Wizardry'),
('BLT000312', '172107816', '2017', 'II', 'Hogwarts School of Witchcraft and Wizardry'),
('BLT000313', '108454364', '2017', 'IV', 'LAcademie de Magie de Beauxbatons'),
('BLT000314', '150868260', '2017', 'VI', 'Durmstrang Institute'),
('BLT000315', '155746177', '2017', 'VI', 'LAcademie de Magie de Beauxbatons'),
('BLT000315', '155746177', '2017', 'VII', 'LAcademie de Magie de Beauxbatons'),
('BLT000316', '113687646', '2017', 'I', 'LAcademie de Magie de Beauxbatons'),
('BLT000317', '157736874', '2017', 'VII', 'Hogwarts School of Witchcraft and Wizardry'),
('BLT000319', '150868260', '2017', 'III', 'LAcademie de Magie de Beauxbatons'),
('BLT000319', '150868260', '2017', 'V', 'Durmstrang Institute'),
('BLT000321', '108454364', '2017', 'IV', 'Hogwarts School of Witchcraft and Wizardry'),
('BLT000323', '181087480', '2017', 'II', 'Hogwarts School of Witchcraft and Wizardry'),
('BLT000332', '155746177', '2017', 'V', 'LAcademie de Magie de Beauxbatons'),
('BLT000333', '184889709', '2017', 'I', 'Hogwarts School of Witchcraft and Wizardry'),
('BLT000334', '113687646', '2017', 'I', 'LAcademie de Magie de Beauxbatons'),
('BLT000335', '148622186', '2017', 'III', 'Durmstrang Institute'),
('BLT000336', '156146364', '2017', 'II', 'Hogwarts School of Witchcraft and Wizardry'),
('BLT000336', '156146364', '2017', 'III', 'Hogwarts School of Witchcraft and Wizardry'),
('BLT000337', '184748677', '2017', 'V', 'Hogwarts School of Witchcraft and Wizardry'),
('BLT000338', '166430225', '2017', 'II', 'Hogwarts School of Witchcraft and Wizardry'),
('BLT000339', '180404885', '2017', 'IV', 'LAcademie de Magie de Beauxbatons'),
('BLT000340', '174739291', '2017', 'VI', 'Durmstrang Institute'),
('BLT000340', '174739291', '2017', 'VII', 'LAcademie de Magie de Beauxbatons'),
('BLT000341', '191496773', '2017', 'VI', 'LAcademie de Magie de Beauxbatons'),
('BLT000342', '139767664', '2017', 'I', 'LAcademie de Magie de Beauxbatons'),
('BLT000342', '139767664', '2017', 'IV', 'Hogwarts School of Witchcraft and Wizardry'),
('BLT000342', '139767664', '2017', 'VII', 'Hogwarts School of Witchcraft and Wizardry'),
('BLT000349', '164345151', '2017', 'II', 'LAcademie de Magie de Beauxbatons'),
('BLT000350', '133378296', '2017', 'II', 'Hogwarts School of Witchcraft and Wizardry'),
('BLT000351', '188774532', '2017', 'II', 'Hogwarts School of Witchcraft and Wizardry'),
('BLT000352', '181734490', '2017', 'II', 'Hogwarts School of Witchcraft and Wizardry'),
('BLT000354', '113687646', '2017', 'I', 'Durmstrang Institute'),
('BLT000355', '104450027', '2017', 'V', 'LAcademie de Magie de Beauxbatons'),
('BLT000356', '149051645', '2017', 'I', 'Hogwarts School of Witchcraft and Wizardry'),
('BLT000356', '149051645', '2017', 'III', 'Durmstrang Institute'),
('BLT000357', '184348736', '2017', 'II', 'Hogwarts School of Witchcraft and Wizardry'),
('BLT000358', '170079121', '2017', 'III', 'Hogwarts School of Witchcraft and Wizardry'),
('BLT000359', '135460975', '2017', 'II', 'Hogwarts School of Witchcraft and Wizardry'),
('BLT000359', '135460975', '2017', 'IV', 'Hogwarts School of Witchcraft and Wizardry'),
('BLT000362', '149051645', '2017', 'VII', 'LAcademie de Magie de Beauxbatons'),
('BLT000363', '197825780', '2017', 'I', 'LAcademie de Magie de Beauxbatons'),
('BLT000363', '197825780', '2017', 'VI', 'LAcademie de Magie de Beauxbatons'),
('BLT000364', '117013659', '2017', 'III', 'LAcademie de Magie de Beauxbatons'),
('BLT000365', '50598', '2017', 'II', 'Hogwarts School of Witchcraft and Wizardry'),
('BLT000365', '50598', '2017', 'II', 'LAcademie de Magie de Beauxbatons'),
('BLT000366', '119757041', '2017', 'V', 'Hogwarts School of Witchcraft and Wizardry'),
('BLT000367', '136739269', '2017', 'I', 'Hogwarts School of Witchcraft and Wizardry'),
('BLT000368', '185810243', '2017', 'II', 'Hogwarts School of Witchcraft and Wizardry'),
('BLT000368', '185810243', '2017', 'V', 'Hogwarts School of Witchcraft and Wizardry'),
('BLT000369', '156146364', '2017', 'II', 'Hogwarts School of Witchcraft and Wizardry'),
('BLT000371', '159273472', '2017', 'VI', 'Hogwarts School of Witchcraft and Wizardry'),
('BLT000372', '192901620', '2017', 'VI', 'LAcademie de Magie de Beauxbatons'),
('BLT000374', '189549041', '2017', 'V', 'Durmstrang Institute'),
('BLT000375', '128612977', '2017', 'II', 'Hogwarts School of Witchcraft and Wizardry'),
('BLT000384', '106214857', '2017', 'II', 'LAcademie de Magie de Beauxbatons'),
('BLT000384', '106214857', '2017', 'VI', 'Hogwarts School of Witchcraft and Wizardry'),
('BLT000385', '185810243', '2017', 'II', 'Durmstrang Institute'),
('BLT000386', '151285622', '2017', 'II', 'Hogwarts School of Witchcraft and Wizardry'),
('BLT000387', '181087480', '2017', 'VI', 'Hogwarts School of Witchcraft and Wizardry'),
('BLT000388', '113464641', '2017', 'II', 'Hogwarts School of Witchcraft and Wizardry'),
('BLT000388', '113464641', '2017', 'V', 'Hogwarts School of Witchcraft and Wizardry'),
('BLT000390', '184889709', '2017', 'II', 'Hogwarts School of Witchcraft and Wizardry'),
('BLT000391', '168757797', '2017', 'V', 'LAcademie de Magie de Beauxbatons'),
('BLT000396', '152555555', '2017', 'I', 'Hogwarts School of Witchcraft and Wizardry'),
('BLT000396', '152555555', '2017', 'I', 'LAcademie de Magie de Beauxbatons'),
('BLT000399', '112138192', '2017', 'III', 'Durmstrang Institute'),
('BLT000403', '185810243', '2017', 'IV', 'Hogwarts School of Witchcraft and Wizardry'),
('BLT000405', '186819188', '2017', 'VI', 'Durmstrang Institute'),
('BLT000409', '180630452', '2017', 'III', 'Hogwarts School of Witchcraft and Wizardry'),
('BLT000410', '163875967', '2017', 'IV', 'LAcademie de Magie de Beauxbatons'),
('BLT000414', '168757797', '2017', 'IV', 'Hogwarts School of Witchcraft and Wizardry'),
('BLT000423', '119757041', '2017', 'II', 'LAcademie de Magie de Beauxbatons'),
('BLT000424', '183997783', '2017', 'II', 'Hogwarts School of Witchcraft and Wizardry'),
('BLT000425', '170079121', '2017', 'VI', 'Hogwarts School of Witchcraft and Wizardry'),
('BLT000426', '136739269', '2017', 'II', 'LAcademie de Magie de Beauxbatons'),
('BLT000427', '150324775', '2017', 'II', 'Durmstrang Institute'),
('BLT000429', '104981567', '2017', 'II', 'Hogwarts School of Witchcraft and Wizardry'),
('BLT000430', '185773325', '2017', 'VI', 'Durmstrang Institute'),
('BLT000431', '172732438', '2017', 'VII', 'LAcademie de Magie de Beauxbatons'),
('BLT000432', '156146364', '2017', 'VI', 'LAcademie de Magie de Beauxbatons'),
('BLT000433', '117013659', '2017', 'I', 'LAcademie de Magie de Beauxbatons'),
('BLT000434', '139758402', '2017', 'VII', 'Hogwarts School of Witchcraft and Wizardry'),
('BLT000439', '176562977', '2017', 'V', 'Hogwarts School of Witchcraft and Wizardry'),
('BLT000442', '128612977', '2017', 'V', 'Durmstrang Institute'),
('BLT000443', '165861175', '2017', 'III', 'LAcademie de Magie de Beauxbatons'),
('BLT000444', '50130', '2017', 'IV', 'Hogwarts School of Witchcraft and Wizardry'),
('BLT000447', '150855222', '2017', 'II', 'Hogwarts School of Witchcraft and Wizardry'),
('BLT000448', '191496773', '2017', 'IV', 'Hogwarts School of Witchcraft and Wizardry'),
('BLT000449', '185355573', '2017', 'VIII', 'LAcademie de Magie de Beauxbatons'),
('BLT000450', '104450027', '2017', 'III', 'Hogwarts School of Witchcraft and Wizardry'),
('BLT000451', '152600800', '2017', 'II', 'Hogwarts School of Witchcraft and Wizardry'),
('BLT000452', '129081058', '2017', 'II', 'Hogwarts School of Witchcraft and Wizardry'),
('BLT000452', '129081058', '2017', 'V', 'Durmstrang Institute'),
('BLT000453', '136739269', '2017', 'IV', 'Hogwarts School of Witchcraft and Wizardry'),
('BLT000454', '166469021', '2017', 'I', 'LAcademie de Magie de Beauxbatons'),
('BLT000454', '166469021', '2017', 'III', 'LAcademie de Magie de Beauxbatons'),
('BLT000455', '148643430', '2017', 'II', 'Hogwarts School of Witchcraft and Wizardry'),
('BLT000455', '148643430', '2017', 'II', 'LAcademie de Magie de Beauxbatons'),
('BLT000456', '104015629', '2017', 'V', 'Hogwarts School of Witchcraft and Wizardry'),
('BLT000457', '155746177', '2017', 'I', 'Hogwarts School of Witchcraft and Wizardry'),
('BLT000464', '106214857', '2017', 'V', 'Hogwarts School of Witchcraft and Wizardry'),
('BLT000466', '197825780', '2017', 'II', 'Hogwarts School of Witchcraft and Wizardry'),
('BLT000467', '50130', '2017', 'II', 'Hogwarts School of Witchcraft and Wizardry'),
('BLT000468', '185810243', '2017', 'II', 'Hogwarts School of Witchcraft and Wizardry'),
('BLT000470', '148643430', '2017', 'II', 'Hogwarts School of Witchcraft and Wizardry'),
('BLT000471', '152555555', '2017', 'II', 'Hogwarts School of Witchcraft and Wizardry'),
('BLT000472', '104981567', '2017', 'II', 'Hogwarts School of Witchcraft and Wizardry'),
('BLT000473', '102321643', '2017', 'II', 'Hogwarts School of Witchcraft and Wizardry'),
('BLT000474', '151161005', '2017', 'II', 'Hogwarts School of Witchcraft and Wizardry'),
('BLT000475', '191496773', '2017', 'II', 'Hogwarts School of Witchcraft and Wizardry'),
('BLT000476', '127606151', '2017', 'II', 'Hogwarts School of Witchcraft and Wizardry'),
('BLT000478', '50598', '2017', 'II', 'Hogwarts School of Witchcraft and Wizardry'),
('BLT000479', '104015629', '2017', 'II', 'Hogwarts School of Witchcraft and Wizardry'),
('BLT000481', '185810243', '2017', 'III', 'Durmstrang Institute'),
('BLT000482', '106214857', '2017', 'I', 'Hogwarts School of Witchcraft and Wizardry'),
('BLT000488', '184348736', '2017', 'V', 'Durmstrang Institute'),
('BLT000489', '108454364', '2017', 'IV', 'Hogwarts School of Witchcraft and Wizardry'),
('BLT000490', '159273472', '2017', 'I', 'LAcademie de Magie de Beauxbatons'),
('BLT000493', '119757041', '2017', 'I', 'Hogwarts School of Witchcraft and Wizardry'),
('BLT000493', '119757041', '2017', 'V', 'Hogwarts School of Witchcraft and Wizardry'),
('BLT000494', '106648787', '2017', 'II', 'Hogwarts School of Witchcraft and Wizardry'),
('BLT000495', '148622186', '2017', 'I', 'Hogwarts School of Witchcraft and Wizardry'),
('BLT000495', '148622186', '2017', 'II', 'Hogwarts School of Witchcraft and Wizardry'),
('BLT000499', '50598', '2017', 'II', 'Hogwarts School of Witchcraft and Wizardry'),
('BLT000499', '50598', '2017', 'IV', 'LAcademie de Magie de Beauxbatons'),
('BLT000501', '151161005', '2017', 'I', 'Hogwarts School of Witchcraft and Wizardry'),
('BLT000507', '199900240', '2017', 'IV', 'LAcademie de Magie de Beauxbatons'),
('BLT000509', '151285622', '2017', 'VI', 'LAcademie de Magie de Beauxbatons'),
('BLT000510', '187254448', '2017', 'I', 'LAcademie de Magie de Beauxbatons'),
('BLT000510', '187254448', '2017', 'VII', 'Hogwarts School of Witchcraft and Wizardry'),
('BLT000511', '159273472', '2017', 'IV', 'Hogwarts School of Witchcraft and Wizardry'),
('BLT000512', '197919840', '2017', 'IV', 'Hogwarts School of Witchcraft and Wizardry'),
('BLT000513', '157736874', '2017', 'III', 'Hogwarts School of Witchcraft and Wizardry'),
('BLT000517', '128612977', '2017', 'V', 'Hogwarts School of Witchcraft and Wizardry');

-- --------------------------------------------------------

--
-- Estructura de tabla para la tabla `ITEM`
--

CREATE TABLE `ITEM` (
  `Codigo` varchar(10) CHARACTER SET utf8 NOT NULL,
  `Costo` int(11) NOT NULL
) ENGINE=InnoDB DEFAULT CHARSET=latin1;

--
-- Volcado de datos para la tabla `ITEM`
--

INSERT INTO `ITEM` (`Codigo`, `Costo`) VALUES
('BAC651104', 140000),
('BAC655007', 168000),
('BAM658369', 140000),
('BBE661183', 140000),
('BBE665001', 398000),
('BBE665524', 140000),
('BBE666538', 140000),
('BBE668739', 140000),
('BBE669380', 140000),
('BCM672008', 436000),
('BCM673374', 230000),
('BCM674802', 398000),
('BCM674904', 230000),
('BCM676661', 140000),
('BCM678932', 120000),
('BCM678990', 140000),
('BCR672761', 140000),
('BCR674953', 120000),
('BCR674995', 168000),
('BCR678554', 168000),
('BDL682693', 140000),
('BDL686189', 168000),
('BDL686286', 140000),
('BDL688367', 120000),
('BDL688664', 140000),
('BDL689286', 398000),
('BDO683126', 168000),
('BDO683670', 168000),
('BDO685306', 120000),
('BDO686248', 168000),
('BDO687062', 120000),
('BDO687816', 120000),
('BDO688138', 168000),
('BDT682584', 140000),
('BGK712073', 140000),
('BGK712335', 45000),
('BGK718093', 140000),
('BGK719208', 120000),
('BHG721302', 168000),
('BHG721323', 168000),
('BHG722226', 168000),
('BHG724585', 168000),
('BHG724769', 120000),
('BHG725286', 140000),
('BHG727077', 168000),
('BHI725137', 140000),
('BHI729629', 140000),
('BHL722458', 140000),
('BHL723308', 168000),
('BHL724027', 140000),
('BHL724099', 140000),
('BHL725735', 120000),
('BHL727895', 140000),
('BHL728167', 140000),
('BHL728425', 140000),
('BHL729876', 120000),
('BHT721330', 140000),
('BHT723339', 168000),
('BHT726260', 140000),
('BK 176109', 5000),
('BK 308114', 6700),
('BKA143104', 5500),
('BKA209111', 7000),
('BKA242104', 9900),
('BKA286119', 8600),
('BKA297101', 6300),
('BKA319115', 8400),
('BKA352105', 5800),
('BKA35232', 8200),
('BKA385101', 9200),
('BKA407101', 9900),
('BKA429115', 8300),
('BKA451110', 7900),
('BKA484111', 6800),
('BKA484122', 5500),
('BKA506108', 6400),
('BKA561115', 8800),
('BKA583114', 5600),
('BKA605101', 8700),
('BKA605110', 7400),
('BKA748111', 5100),
('BKA759115', 6400),
('BKA75997', 8700),
('BKA770101', 7400),
('BKA770111', 5500),
('BKA825115', 8600),
('BKA825117', 10000),
('BKA902101', 8200),
('BKA968115', 9100),
('BKA990115', 8900),
('BKB572108', 7700),
('BKB792110', 8300),
('BKC198121', 7900),
('BKC35285', 5100),
('BKC550110', 8000),
('BKC616119', 9300),
('BKC957115', 5000),
('BKD583114', 6400),
('BKD968110', 8000),
('BKD979111', 9500),
('BKE110101', 9500),
('BKE154112', 7700),
('BKE165114', 5500),
('BKE187110', 9400),
('BKE253109', 6800),
('BKE253114', 8800),
('BKE27565', 7600),
('BKE308109', 6900),
('BKE308119', 5400),
('BKE363110', 5900),
('BKE396101', 5800),
('BKE550115', 8600),
('BKE561103', 5600),
('BKE627101', 6100),
('BKE649111', 8200),
('BKE759114', 9300),
('BKE759121', 6300),
('BKE77099', 9700),
('BKE814109', 6800),
('BKE814115', 5000),
('BKE836111', 7600),
('BKE935107', 7800),
('BKE946115', 6200),
('BKE968105', 8500),
('BKE96887', 9400),
('BKF726116', 9500),
('BKG13299', 6700),
('BKG334519', 15500),
('BKG341115', 6600),
('BKG342988', 14900),
('BKG517115', 5400),
('BKG545243', 14200),
('BKG550115', 9600),
('BKG600927', 12900),
('BKG649110', 8800),
('BKG731356', 11100),
('BKG775830', 18800),
('BKG781115', 9400),
('BKG825969', 11000),
('BKG957101', 9200),
('BKH121101', 8400),
('BKH121107', 9700),
('BKH13298', 7500),
('BKH143100', 6700),
('BKH154121', 8800),
('BKH165110', 5100),
('BKH187115', 5700),
('BKH198115', 5400),
('BKH242110', 8900),
('BKH253110', 10000),
('BKH253112', 5900),
('BKH286108', 9500),
('BKH30886', 8600),
('BKH330100', 7200),
('BKH330105', 6700),
('BKH36332', 5800),
('BKH385101', 10000),
('BKH40783', 6500),
('BKH418101', 8500),
('BKH429101', 7700),
('BKH506110', 6300),
('BKH50697', 5300),
('BKH50699', 6000),
('BKH528116', 7100),
('BKH528119', 7600),
('BKH52873', 6300),
('BKH572115', 8000),
('BKH60541', 5100),
('BKH616108', 8600),
('BKH638110', 9500),
('BKH638114', 9200),
('BKH649107', 9300),
('BKH70499', 6300),
('BKH715101', 7800),
('BKH72673', 8500),
('BKH74886', 6900),
('BKH836121', 8000),
('BKH86973', 9800),
('BKH880117', 9500),
('BKH880121', 8000),
('BKH891111', 6800),
('BKH891116', 7900),
('BKH935115', 5400),
('BKH94699', 7200),
('BKH979103', 6600),
('BKH97997', 5600),
('BKI121101', 8800),
('BKI132115', 8900),
('BKI187101', 6500),
('BKI187108', 6400),
('BKI198100', 5300),
('BKI209114', 7900),
('BKI275117', 6700),
('BKI407120', 9400),
('BKI46297', 8600),
('BKI484101', 6200),
('BKI550115', 6100),
('BKI561116', 5200),
('BKI583101', 7300),
('BKI616108', 9600),
('BKI726116', 7800),
('BKI748111', 9200),
('BKI90263', 5000),
('BKI968100', 6500),
('BKK518315', 6300),
('BKL407115', 8900),
('BKL40773', 8200),
('BKL429114', 9700),
('BKL456339', 19600),
('BKL462101', 8700),
('BKL594108', 5600),
('BKL597918', 14000),
('BKL624945', 11900),
('BKL96856', 7200),
('BKM19897', 6100),
('BKM515144', 9900),
('BKM726115', 8800),
('BKN110111', 6000),
('BKN11099', 6100),
('BKN220101', 7400),
('BKN319105', 8800),
('BKN374105', 8900),
('BKN418110', 8800),
('BKN462110', 8800),
('BKN473101', 7600),
('BKN616111', 5800),
('BKN649115', 9900),
('BKN660111', 7000),
('BKN880115', 5300),
('BKN990105', 7300),
('BKO121110', 9600),
('BKO16597', 6800),
('BKO176108', 7400),
('BKO209111', 5600),
('BKO23163', 9500),
('BKO264103', 7100),
('BKO286111', 9000),
('BKO286116', 5400),
('BKO385115', 6100),
('BKO38532', 7200),
('BKO396111', 8800),
('BKO396114', 7000),
('BKO451115', 6700),
('BKO462121', 8000),
('BKO561109', 5500),
('BKO616114', 6500),
('BKO627115', 7800),
('BKO649108', 6200),
('BKO74879', 6800),
('BKO770114', 7400),
('BKO781108', 7900),
('BKO781115', 9000),
('BKO85857', 8100),
('BKO89187', 5200),
('BKO91397', 6000),
('BKO924101', 9200),
('BKO946100', 5100),
('BKP154110', 7600),
('BKP550115', 7800),
('BKP68297', 7700),
('BKR143108', 9400),
('BKR14346', 8600),
('BKR198115', 9200),
('BKR209121', 9700),
('BKR275115', 9000),
('BKR286116', 6100),
('BKR330110', 8600),
('BKR33097', 7600),
('BKR451108', 5400),
('BKR462117', 10000),
('BKR484117', 5700),
('BKR539100', 5100),
('BKR561116', 9800),
('BKR594121', 10000),
('BKR605115', 7600),
('BKR616115', 5800),
('BKR660103', 8800),
('BKR682117', 5200),
('BKR693103', 7000),
('BKR77099', 9600),
('BKR781100', 7800),
('BKR869101', 9300),
('BKR902101', 9100),
('BKR946100', 7900),
('BKS319118', 6500),
('BKS869109', 5800),
('BKS894746', 12900),
('BKS900832', 14000),
('BKS979203', 14100),
('BKU132115', 7900),
('BKU132121', 6600),
('BKU242109', 5900),
('BKU297101', 5100),
('BKU308121', 8400),
('BKU330121', 9900),
('BKU429105', 5800),
('BKU462121', 5300),
('BKU506101', 6500),
('BKU539103', 7200),
('BKU561118', 5400),
('BKU649109', 8800),
('BKU682105', 6200),
('BKU803101', 7800),
('BKV880101', 9000),
('BKW385101', 7600),
('BKW38563', 7400),
('BKW979101', 9800),
('BKX517115', 9000),
('BKX561121', 7400),
('BKY20998', 5900),
('BKY25397', 7300),
('BKY550101', 5900),
('BKY902100', 6400),
('BKY968121', 6500),
('BKY979115', 9700),
('BKА58363', 6700),
('BMA773004', 140000),
('BMA773095', 140000),
('BMA775447', 230000),
('BMA776546', 398000),
('BMA776784', 120000),
('BMA777326', 140000),
('BMA777856', 140000),
('BMA779871', 120000),
('BME771134', 140000),
('BME771459', 500000),
('BME771618', 168000),
('BME772066', 120000),
('BME773202', 140000),
('BME773872', 120000),
('BME774248', 140000),
('BME775238', 168000),
('BME775477', 398000),
('BME776608', 120000),
('BME777382', 460000),
('BME777839', 168000),
('BME778717', 230000),
('BME778798', 168000),
('BME779666', 398000),
('BOK794704', 140000),
('BOK795300', 398000),
('BOK799682', 398000),
('BOK799815', 398000),
('BPC802247', 140000),
('BRE827143', 168000),
('BRE827155', 120000),
('BRE828558', 120000),
('BRE829662', 140000),
('BRE829730', 120000),
('BSE833880', 140000),
('BSE835203', 140000),
('BSE835242', 140000),
('BSR831093', 168000),
('BSR834570', 168000),
('BSR836310', 168000),
('BSR836897', 120000),
('BSR839099', 168000),
('BTO842194', 168000),
('BTO842282', 140000),
('BTO843190', 120000),
('BTO845458', 168000),
('BTO846441', 168000),
('BTO847693', 120000),
('BTO847785', 120000),
('BTO849538', 168000),
('ITA153845', 7000),
('ITA163849', 10000),
('ITA418347', 9000),
('ITA716374', 6000),
('ITA726384', 10000),
('ITA827465', 7000),
('ITA837195', 7000),
('ITA918737', 5000),
('ITA927365', 7000),
('ITA928375', 8000),
('ITA983653', 7000);

-- --------------------------------------------------------

--
-- Estructura de tabla para la tabla `LIBRO`
--

CREATE TABLE `LIBRO` (
  `Codigo` varchar(10) CHARACTER SET utf8 NOT NULL,
  `Nombre` text CHARACTER SET utf8 NOT NULL,
  `Autor` text CHARACTER SET utf8 NOT NULL,
  `PrecioVenta` int(11) NOT NULL,
  `IdCategoria` varchar(20) CHARACTER SET utf8 NOT NULL
) ENGINE=InnoDB DEFAULT CHARSET=latin1;

--
-- Volcado de datos para la tabla `LIBRO`
--

INSERT INTO `LIBRO` (`Codigo`, `Nombre`, `Autor`, `PrecioVenta`, `IdCategoria`) VALUES
('BK 176109', 'Spell potions', 'Tim', 16000, 'PONS3'),
('BK 308114', 'Skrifter af Knos', '', 11200, 'OTKS893'),
('BKA143104', 'Magical Water Plants of the Highland Lochs', 'Hadrian Whittle', 20000, 'HEGY441'),
('BKA209111', 'Modern Magical History', '', 8800, 'CORY627'),
('BKA242104', 'The Beaters Bible', 'Brutus Scrimgeour', 21600, 'SPES554'),
('BKA286119', 'Legislative Guide to the Proper Use of Magic', '', 9600, 'MAAW428'),
('BKA297101', '‎Magical Misdemeanours in the Modern Law', '', 8800, 'MAAW428'),
('BKA319115', 'Dark Arts Defence: Basics for Beginners', '', 23200, 'DELS742'),
('BKA352105', 'Dominating Dementors: A True History of Azkaban', '', 20800, 'HITS548'),
('BKA35232', 'The Life and Lies of Albus Dumbledore', 'Rita Skeeter', 13600, 'BIES695'),
('BKA385101', 'The Decline of Pagan Magic', 'Bathilda Bagshot', 16800, 'HIIC103'),
('BKA407101', 'Basic Hexes for the Busy and Vexed', '', 16000, 'DELS742'),
('BKA429115', 'Madcap Magic for Wacky Warlocks', '', 23200, 'TRON973'),
('BKA451110', 'Magical Water Plants of the Mediterranean', '', 19200, 'HEGY441'),
('BKA484111', 'Handbook of Hippogriff Psychology', '', 14400, 'MAES883'),
('BKA484122', 'Magical Theory', 'Adalbert Waffling', 9600, 'STRY881'),
('BKA506108', 'Magick Moste Evile', 'Godelot', 18400, 'DATS99'),
('BKA561115', 'Magical Creatures', '', 14400, 'MAES883'),
('BKA583114', 'Marauding with Monsters', 'Gilderoy Lockhart', 8800, 'MAES883'),
('BKA605101', 'Fantastic Beasts and Where to Find Them', 'Newton Scamander', 15200, 'MAES883'),
('BKA605110', 'A Collection of Above Three Hundred Receipts in Cookery, Physick, and Surgery', '', 16800, 'PONS3'),
('BKA748111', 'Magical Studies', '', 18400, 'STRY881'),
('BKA759115', 'Magical Hieroglyphs and Logograms', '', 12000, 'STRY881'),
('BKA75997', 'Hairy Snout, Human Heart', 'Anonymous Author', 20000, 'MAES883'),
('BKA770101', '‎Illegal Compendium 198', '', 15200, 'MAAW428'),
('BKA770111', 'Great Wizards of the Twentieth Century', '', 20000, 'HILE707'),
('BKA825115', 'Saucy Tricks for Tricky Sorts', '', 13600, 'TRON973'),
('BKA825117', 'Gadding with Ghouls', 'Gilderoy Lockhart', 16800, 'MAES883'),
('BKA902101', 'Wanderings with Werewolves', 'Gilderoy Lockhart', 18400, 'MAES883'),
('BKA968115', 'Ancient Runes Made Easy', 'Laurenzoo', 10400, 'STRY881'),
('BKA990115', 'Wanderings of a Tree in the Alps', '', 10400, 'HEGY441'),
('BKB572108', 'Abracadabra: An A-Z of Spooky Spells', '', 17600, 'DELS742'),
('BKB792110', 'A Beginners Guide to Transfiguration', 'Emeric Switch', 16000, 'TRON973'),
('BKC198121', 'Book of Potions', 'Zygmunt Budge', 17600, 'PONS3'),
('BKC35285', 'Magic in North America', '', 13600, 'HITS548'),
('BKC550110', 'Achievements in Charming', '', 12000, 'CHMS162'),
('BKC616119', 'Who Am I?', 'Gilderoy Lockhart', 16000, 'OTKS893'),
('BKC957115', 'A Childrens Anthology of Monsters', '', 20800, 'MAES883'),
('BKD583114', 'Xylomancy', 'Selina Sapworthy', 10400, 'DION200'),
('BKD968110', 'Alchemical XII', '', 23200, 'ALMY390'),
('BKD979111', 'Living With Legilimens: Choose Your Mind Wisely', '', 18400, 'MALP276'),
('BKE110101', 'Cast-a-Spell handbook', '', 14400, 'MALP276'),
('BKE154112', 'The Noble Sport of Warlocks', 'Quintius Umfraville', 18400, 'SPES554'),
('BKE165114', 'Defensive Magical Theory', 'Wilbert Slinkhard', 15200, 'DELS742'),
('BKE187110', 'Dumbledore’s Army: The Dark Side of the Demob', 'Rita Skeeter', 20800, 'BIES695'),
('BKE253109', '‎The Dark Arts: A Legal Companion', '', 20800, 'MAAW428'),
('BKE253114', 'The Healers Helpmate', 'H. Pollingtonious', 18400, 'REES789'),
('BKE27565', 'Secrets of the Darkest Art', 'Owle Bullock', 9600, 'DATS99'),
('BKE308109', 'The Hierarchie of the blessed Angells', '', 20000, 'THON244'),
('BKE308119', 'The Dark Arts — A Legal Compendium', '', 12800, 'MAAW428'),
('BKE363110', 'The Flap of the Cape', 'Abigail R. Cankus', 12000, 'OTKS893'),
('BKE396101', 'Cram It!: How to Soar on Your O.W.L.s', '', 22400, 'REES789'),
('BKE550115', 'Merpeople: A Comprehensive Guide to Their Language and Customs', 'Dylan Marwood', 12800, 'MAES883'),
('BKE561103', 'Broken Balls: When Fortunes Turn Foul', '', 16800, 'DION200'),
('BKE627101', 'Muggle Law & Order - Complete Guide', '', 14400, 'MUAW11'),
('BKE649111', 'Mudbloods and How to Spot Them', 'Barrett Fay', 10400, 'OTKS893'),
('BKE759114', 'Newts of Bognor', 'Walter Aragon', 17600, 'MAES883'),
('BKE759121', 'New Theory of Numerology', '', 19200, 'ARCY115'),
('BKE77099', 'Men Who Love Dragons Too Much', '', 15200, 'MAES883'),
('BKE814109', 'Bestiarium Magicum', '', 9600, 'MAES883'),
('BKE814115', 'Quidditch Teams of Britain and Ireland', '', 20000, 'SPES554'),
('BKE836111', 'Twelve Fail-Safe Ways to Charm Witches', '', 20000, 'MALP276'),
('BKE935107', 'Self-Defensive Spellwork', '', 14400, 'DELS742'),
('BKE946115', 'Flying with the Cannons', '', 15200, 'SPES554'),
('BKE968105', 'Year with the Yeti', 'Gilderoy Lockhart', 21600, 'MAES883'),
('BKE96887', 'Biography of Harry Potter', 'Rita Skeeter', 16000, 'BIES695'),
('BKF726116', 'Which Broomstick?', '', 14400, 'TRON737'),
('BKG13299', 'Legal Guidelines for the Manufacture of Magical Apparatus', '', 9600, 'MAAW428'),
('BKG334519', 'A Feast for Crows', 'George R. R. Martin', 24900, 'OTKS893'),
('BKG341115', 'Legal Loopholes & Leprechauns', '', 22400, 'MAAW428'),
('BKG342988', 'A Clash of Kings', 'George R. R. Martin', 25600, 'OTKS893'),
('BKG517115', 'A Fully Illustrated History of the Flying Carpet', 'Ali Mahamed', 10400, 'TRON737'),
('BKG545243', 'A Storm of Swords', 'George R. R. Martin', 31500, 'OTKS893'),
('BKG550115', 'Laws of Conduct When Dealing With Muggles‎', '', 10400, 'MAAW428'),
('BKG600927', 'A Dream of Spring', 'George R. R. Martin', 24800, 'OTKS893'),
('BKG649110', 'A Guide to Advanced Transfiguration', '', 18400, 'TRON973'),
('BKG731356', 'The Winds of Winter', 'George R. R. Martin', 20700, 'OTKS893'),
('BKG775830', 'A Game of Thrones', 'George R. R. Martin', 28100, 'OTKS893'),
('BKG781115', '‎Law and Literature', '', 16000, 'MAAW428'),
('BKG825969', 'A Dance with Dragons', 'George R. R. Martin', 13000, 'OTKS893'),
('BKG957101', '‎Unforgivable Curses and their Legal Implications', '', 20000, 'MAAW428'),
('BKH121101', 'The Standard Book of Spells Grade Three', 'Miranda Goshawk', 23200, 'CHMS162'),
('BKH121107', 'Cheering Charms (book)', '', 16000, 'CHMS162'),
('BKH13298', 'Omens, Oracles & the Goat', 'Bathilda Bagshot', 11200, 'DION200'),
('BKH143100', 'The Bible', '', 20800, 'THON244'),
('BKH154121', 'Het Stads-muziekcollegie te Utrecht (Collegium musicum ultrajectinum): Eene Bydrage tot de Geschiedenis der Toonkunst in Nederland', '', 14400, 'OTKS893'),
('BKH165110', 'Theories of Transubstantial Transfiguration', '', 19200, 'TRON973'),
('BKH187115', 'The Essential Defence Against the Dark Arts', 'Arsenius Jigger', 8800, 'DELS742'),
('BKH198115', 'The Monster Book of Monsters', 'Edwardus Lima', 10400, 'MAES883'),
('BKH242110', 'The Dark Forces: A Guide to Self-Protection', 'Quentin Trimble', 23200, 'DELS742'),
('BKH253110', 'The Standard Book of Spells Grade Seven', 'Miranda Goshawk', 23200, 'CHMS162'),
('BKH253112', 'Dictionnaire du Chiffre-monogramme dans les Styles Moyen-age et Renaissance et couronnes nobilaires universelles', 'Charles Demengeot', 23200, 'OTKS893'),
('BKH286108', 'Which Owl?', 'Miranda Goshawk', 16800, 'MAES883'),
('BKH30886', 'Chadwicks Charms Volume VI', 'Chadwick Boot', 20800, 'CHMS162'),
('BKH330100', 'The Dark Arts Outsmarted', '', 19200, 'DELS742'),
('BKH330105', 'Powers You Never Knew You Had and What To Do With Them Now Youve Wised Up', '', 8800, 'MALP276'),
('BKH36332', 'Chadwicks Charms Volume V', 'Chadwick Boot', 20800, 'CHMS162'),
('BKH385101', 'The Standard Book of Spells Grade Five', 'Miranda Goshawk', 23200, 'CHMS162'),
('BKH40783', 'The Standard Book of Spells Grade Six', 'Miranda Goshawk', 23200, 'CHMS162'),
('BKH418101', 'Chadwicks Charms Volume I', 'Chadwick Boot', 20800, 'CHMS162'),
('BKH429101', 'Shrubs & Trees for the Garden', 'Arthur Osborn', 8800, 'HEGY441'),
('BKH506110', 'Ancient Law', '', 19200, 'MAAW428'),
('BKH50697', 'Quaint Muggle Machinery', '', 23200, 'MUES134'),
('BKH50699', 'Charms of Defence and Deterrence', 'Catullus Spangle', 16000, 'CHMS162'),
('BKH528116', 'Common Magical Ailments and Afflictions', '', 12800, 'REES789'),
('BKH528119', 'The Standard Book of Spells Grade Two', 'Miranda Goshawk', 23200, 'CHMS162'),
('BKH52873', 'Chadwicks Charms Volume III', 'Chadwick Boot', 20800, 'CHMS162'),
('BKH572115', 'Cyfaddasrwydd y Drefn o Gadwedigaeth trwy Ffydd', '', 18400, 'THON244'),
('BKH60541', 'Cooking and Housecare', '', 8800, 'THON244'),
('BKH616108', 'A Brief History of Time', 'Stephen Hawking', 12800, 'PHCS652'),
('BKH638110', 'The Standard Book of Spells Grade One', 'Miranda Goshawk', 23200, 'CHMS162'),
('BKH638114', 'He Flew Like a Madman', 'Kennilworthy Whisp', 21600, 'BIES695'),
('BKH649107', 'Psalms of David', '', 13600, 'THON244'),
('BKH70499', 'Olde and Forgotten Bewitchments and Charmes', 'E. Limus', 22400, 'HIIC103'),
('BKH715101', 'Why I Didnt Die When the Augurey Cried', 'Gulliver Pokeby', 14400, 'MAES883'),
('BKH72673', 'Chadwicks Charms Volume VII', 'Chadwick Boot', 20800, 'CHMS162'),
('BKH74886', 'Chadwicks Charms Volume VI', 'Chadwick Boot', 20800, 'CHMS162'),
('BKH836121', 'Weird Wizarding Dilemmas and Their Solutions', '', 13600, 'MALP276'),
('BKH86973', 'Chadwicks Charms Volume II', 'Chadwick Boot', 20800, 'CHMS162'),
('BKH880117', 'The Standard Book of Spells Grade Four', 'Miranda Goshawk', 23200, 'CHMS162'),
('BKH880121', 'The Enclopedia of Bat Eyes', '', 20000, 'MAES883'),
('BKH891111', 'Muggles Who Notice', 'Blenheim Stalk', 9600, 'MUES134'),
('BKH891116', 'Notable Magical Names of Our Time', '', 22400, 'HILE707'),
('BKH935115', 'The Book of Charms & Spells', '', 20800, 'CHMS162'),
('BKH94699', 'Death Omens: What to Do When You Know the Worst is Coming', '', 20000, 'DION200'),
('BKH979103', 'A History of Magic', 'Bathilda Bagshot', 22400, 'HIIC103'),
('BKH97997', 'Moronic Muggles', '', 23200, 'MUES134'),
('BKI121101', 'Snape: Scoundrel or Saint?', 'Rita Skeeter', 8800, 'BIES695'),
('BKI132115', 'The Official Guide to the Quidditch World Cup', '', 22400, 'SPES554'),
('BKI187101', 'Bonniers Konversationslexikon', '', 16000, 'OTKS893'),
('BKI187108', 'Wizards Are from Neptune, Witches Are from Saturn', 'Irsis Pius', 23200, 'MALP276'),
('BKI198100', 'Quidditch Through the Ages', 'Kennilworthy Whisp', 10400, 'SPES554'),
('BKI209114', 'Where Theres a Wand, Theres a Way', '', 11200, 'MALP276'),
('BKI275117', 'Easy Spells to Fool Muggles', '', 20800, 'GEKS492'),
('BKI407120', 'Jinxes for the Jinxed', '', 22400, 'DELS742'),
('BKI46297', 'Lizards Claws From Africa', '', 15200, 'MAES883'),
('BKI484101', 'Hogwarts, A History', 'Bathilda Bagshot', 12800, 'HITS548'),
('BKI550115', '‎Extraordinary Trials in History', '', 23200, 'MAAW428'),
('BKI561116', 'Winogrands Wondrous Water Plants', 'Selina Sapworthy', 20000, 'HEGY441'),
('BKI583101', 'Little People, Big Plans by Ragnok the Pigeon-Toed', '', 11200, 'MAES883'),
('BKI616108', 'Armando Dippet: Master or Moron?', 'Rita Skeeter', 11200, 'BIES695'),
('BKI726116', 'Enchantment in Baking', '', 13600, 'CORY748'),
('BKI748111', 'My Favourite Spells by Name', '', 16000, 'GEKS492'),
('BKI90263', 'Handbook of Do-It-Yourself Broomcare', '', 17600, 'TRON737'),
('BKI968100', 'Famous Fire-Eaters', '', 12000, 'HILE707'),
('BKK518315', 'The Monster Book of Monsters', '', 12000, 'MAES883'),
('BKL407115', 'Seven-volume work on Harry Potters life and the Second Wizarding War', '', 9600, 'BIES695'),
('BKL40773', 'Alchemy, Ancient Art and Science', 'Argo Pyrites', 18400, 'ALMY390'),
('BKL429114', 'Blood Brothers: My Life Amongst the Vampires', 'Eldred Worple', 16800, 'MAES883'),
('BKL456339', 'The Lord of The Rings: The Return of the King', 'R. R. Tolkien', 31400, 'OTKS893'),
('BKL462101', 'Wizards Book', 'J. K. Rowling', 17600, 'GEKS492'),
('BKL594108', 'Flesh-Eating Trees of the World', '', 16000, 'HEGY441'),
('BKL597918', 'The Lord of The Rings: The Fellowship of the Ring', 'R. R. Tolkien', 16600, 'OTKS893'),
('BKL624945', 'The Lord of The Rings: The Two Towers', 'R. R. Tolkien', 18700, 'OTKS893'),
('BKL96856', 'Guidelines for the Treatment of Non-Wizard Part-Humans', '', 17600, 'MAAW428'),
('BKM19897', 'The Dream Oracle', 'Inigo Imago', 12800, 'DION200'),
('BKM515144', 'Magical Draughts and Potions', 'Arsenius Jigger', 13600, 'PONS3'),
('BKM726115', 'Great Wizarding Events of the Twentieth Century', '', 13600, 'CORY627'),
('BKN110111', 'Education and Academic Matters', '', 22400, 'REES789'),
('BKN11099', 'Gilderoy Lockharts Guide to Household Pests', 'Gilderoy Lockhart', 12800, 'HOLD264'),
('BKN220101', 'The Wonder of Wigtown Wanderers', 'Kennilworthy Whisp', 20800, 'SPES554'),
('BKN319105', 'Ingredient Encyclopedia', '', 13600, 'HEGY441'),
('BKN374105', 'When Muggles Attack', 'Barrett Fay', 13600, 'MUES134'),
('BKN418110', 'Cooking the Muggle Way', 'Mordicus Egg', 14400, 'CORY748'),
('BKN462110', 'My Life as a Squib', 'Angus Buchanan', 10400, 'BIES695'),
('BKN473101', 'Predicting the Unpredictable: Insulate Yourself Against Shocks', '', 11200, 'DION200'),
('BKN616111', 'Intermediate Transfiguration', '', 22400, 'TRON973'),
('BKN649115', 'Advanced Rune Translation', '', 12800, 'STRY881'),
('BKN660111', 'Encyclopedia of Toadstools', '', 9600, 'HEGY441'),
('BKN880115', '‎Magical Moral Perspective', '', 18400, 'MAAW428'),
('BKN990105', 'One Thousand Magical Herbs and Fungi', 'Phyllida Spore', 21600, 'HEGY441'),
('BKO121110', 'Healing and Healthcare', '', 16800, 'REES789'),
('BKO16597', 'Pure-Blood Directory', '', 9600, 'OTKS893'),
('BKO176108', 'Home Life and Social Habits of British Muggles', 'Wilhelm Wigworthy', 8800, 'MUES134'),
('BKO209111', 'Ars moriendi', '', 16000, 'OTKS893'),
('BKO23163', 'World Mythology', '', 11200, 'OTKS893'),
('BKO264103', 'Holidays with Hags', 'Gilderoy Lockhart', 20800, 'MAES883'),
('BKO286111', 'Magical Drafts and Potions', 'Arsenius Jigger', 10400, 'PONS3'),
('BKO286116', 'Prefects Who Gained Power', '', 18400, 'HILE707'),
('BKO385115', 'Asiatic Anti-Venoms', '', 12000, 'PONS3'),
('BKO38532', 'Learn Magic Fast with Kwikspell', '', 18400, 'MALP276'),
('BKO396111', 'Goshawks Guide to Herbology', 'Miranda Goshawk', 23200, 'HEGY441'),
('BKO396114', 'Important Modern Magical Discoveries', '', 13600, 'CORY627'),
('BKO451115', 'Confronting the Faceless', '', 17600, 'DELS742'),
('BKO462121', 'Fowl or Foul? A Study of Hippogriff Brutality', '', 8800, 'MAES883'),
('BKO561109', 'Natures Nobility: A Wizarding Genealogy', '', 10400, 'HILE707'),
('BKO616114', 'Voyages with Vampires', 'Gilderoy Lockhart', 12000, 'MAES883'),
('BKO627115', 'Most Macabre Monstrosities', '', 10400, 'MAES883'),
('BKO649108', 'Book of Spells', 'Miranda Goshawk', 11200, 'GEKS492'),
('BKO74879', 'You & Your Owl', '', 19200, 'MAES883'),
('BKO770114', 'Shrieking book', '', 9600, 'THON244'),
('BKO781108', 'Moste Potente Potions', '', 16800, 'PONS3'),
('BKO781115', 'How to Tame Tigers', '', 13600, 'MAES883'),
('BKO85857', 'Good Gardens Guide 1990', '', 12800, 'HEGY441'),
('BKO89187', 'Charm Your Own Cheese (Revised Edition by Gerda Curd)', 'Greta Catchlove', 16000, 'CORY748'),
('BKO91397', 'Triwizard Tragedies', '', 23200, 'HITS548'),
('BKO924101', 'Spellmans Syllabary', '', 9600, 'STRY881'),
('BKO946100', 'House-Elves & Self-Hatred', '', 18400, 'MAES883'),
('BKP154110', 'Updated Counter-Curse Handbook (Second Revised Edition)', '', 23200, 'DELS742'),
('BKP550115', 'Potion Opuscule', 'Arsenius Jigger', 12000, 'PONS3'),
('BKP68297', 'Rune Dictionary', '', 22400, 'STRY881'),
('BKR143108', 'Tricks and humourous spells', '', 11200, 'TRON973'),
('BKR14346', 'Preferred Preface for Perfect Prefects', '', 13600, 'REES789'),
('BKR198115', 'The Oracle of Palombo', 'Bathilda Bagshot', 16800, 'DION200'),
('BKR209121', 'Protection Charm Your Mind: A Practical Guide to Counter Legilimensy', 'Franciscus Fieldwake', 18400, 'DELS742'),
('BKR275115', 'Rosenbaums Motorcycle Owners Manual', '', 16800, 'OTKS893'),
('BKR286116', 'Dragon Breeding for Pleasure and Profit', '', 12000, 'MAES883'),
('BKR330110', 'Healing at Home with Herbs', 'Phyllida Spore', 17600, 'REES789'),
('BKR33097', 'Grammatica', 'M. Carneiro', 8800, 'ARCY115'),
('BKR451108', 'Travels with Trolls', 'Gilderoy Lockhart', 8800, 'MAES883'),
('BKR462117', 'Practical Household Magic', 'Zamira Gulch', 19200, 'HOLD264'),
('BKR484117', 'Scourers and the Creation of MACUSA', 'Theophilus Abbot', 16000, 'HITS548'),
('BKR539100', 'Animal Ghosts of Britain', 'Mopsy Fleabert', 8800, 'OTKS893'),
('BKR561116', 'Practical Defensive Magic and Its Use Against the Dark Arts', '', 21600, 'DELS742'),
('BKR594121', 'A Study into the Possibility of Reversing the Actual and Metaphysical Effects of Natural Death, with Particular Regard to the Reintegration of Essence and Matter', 'Bertrand de Pensées-Profondes', 17600, 'OTKS893'),
('BKR605115', 'Practical Defence Against the Dark Arts', '', 15200, 'DELS742'),
('BKR616115', 'Sites of Historical Sorcery', '', 21600, 'HITS548'),
('BKR660103', 'Transformation Through the Ages', '', 16800, 'TRON973'),
('BKR682117', 'Fifteenth-Century Fiends', '', 18400, 'HILE707'),
('BKR693103', 'One Minute Feasts - Its Magic!', '', 21600, 'CORY748'),
('BKR77099', 'An Appraisal of Magical Education in Europe', '', 18400, 'REES789'),
('BKR781100', 'Dragon Species of Great Britain and Ireland', '', 20000, 'MAES883'),
('BKR869101', 'The Rise and Fall of the Dark Arts', '', 17600, 'HILE707'),
('BKR902101', 'Break with a Banshee', 'Gilderoy Lockhart', 18400, 'MAES883'),
('BKR946100', 'From Egg to Inferno: a Dragon-Keepers Guide', '', 15200, 'MAES883'),
('BKS319118', 'Learned Comments of Wisdom', '', 10400, 'THON244'),
('BKS869109', 'Advanced Potion-Making', 'Libatius Borage', 18400, 'PONS3'),
('BKS894746', 'Fifty Shades Freed', 'E. L. James', 33900, 'OTKS893'),
('BKS900832', 'Fifty Shades of Grey', 'E. L. James', 26600, 'OTKS893'),
('BKS979203', 'Fifty Shades Darker', 'E. L. James', 32000, 'OTKS893'),
('BKU132115', 'Curses and Counter-Curses', 'Vindictus Viridian', 18400, 'DELS742'),
('BKU132121', 'Guide to Advanced Occlumency', '', 19200, 'DELS742'),
('BKU242109', 'Biography of Uric the Oddball', 'Radolphus Pittiman', 9600, 'BIES695'),
('BKU297101', 'Quintessence: A Quest', '', 14400, 'CHMS162'),
('BKU308121', 'The Philosophy of the Mundane: Why the Muggles Prefer Not to Know', 'Mordicus Egg', 9600, 'MUES134'),
('BKU330121', 'Merlins book', '', 15200, 'OTKS893'),
('BKU429105', 'Numerology and Grammatica', '', 22400, 'ARCY115'),
('BKU462121', 'Магичен Теория', '', 10400, 'STRY881'),
('BKU506101', 'The Muggle Conspiracy', 'Sinistra Lowe', 21600, 'MUES134'),
('BKU539103', 'Numerology', 'L. Wakefield', 20000, 'ARCY115'),
('BKU561118', 'Hunting Werewolves', '', 20800, 'MAES883'),
('BKU649109', 'The Invisible Book of Invisibility', '', 18400, 'OTKS893'),
('BKU682105', 'Sub-Aquatic Botanical Mysteries', '', 23200, 'HEGY441'),
('BKU803101', 'Lupine Lawlessness: Why Lycanthropes Dont Deserve to Live', 'Emerett Picardy', 20800, 'MAES883'),
('BKV880101', 'A Vampires Monologue', 'Amarillo Lestoat', 11200, 'MAES883'),
('BKW385101', 'The Hairy Heart: A Guide to Wizards Who Wont Commit', '', 15200, 'MALP276'),
('BKW38563', 'Legal Rules for Roving Sprites', '', 16800, 'MAAW428'),
('BKW979101', 'Owl Breeds', '', 15200, 'MAES883'),
('BKX517115', 'Extreme Incantations', 'Violeta Stitch', 12800, 'CHMS162'),
('BKX561121', 'The Intricacies of Rappaports Law', '', 9600, 'MAAW428'),
('BKY20998', 'My Life as a Muggle', 'Daisy Hookum', 18400, 'BIES695'),
('BKY25397', 'Jiggery Pokery and Hocus Pocus', 'Brian Gagwilde', 14400, 'GEKS492'),
('BKY550101', 'Magical Me', 'Gilderoy Lockhart', 13600, 'BIES695'),
('BKY902100', 'The Book of Common Prayer and Administration of the Sacraments and other Rites & Ceremonies of the Church according to the use of the Church of England together with the Psalter or Psalms of David', '', 22400, 'THON244'),
('BKY968121', 'Unfogging the Future', 'Cassandra Vablatsky', 11200, 'DION200'),
('BKY979115', 'Beating the Bludgers - A Study of Defensive Strategies in Quidditch', 'Kennilworthy Whisp', 18400, 'SPES554'),
('BKА58363', 'Manual M39h-z', '', 16000, 'STRY881');

-- --------------------------------------------------------

--
-- Estructura de tabla para la tabla `LIBRO_DE_ESTUDIO`
--

CREATE TABLE `LIBRO_DE_ESTUDIO` (
  `CodigoLibro` varchar(10) CHARACTER SET utf8 NOT NULL,
  `Anio` varchar(4) CHARACTER SET utf8 NOT NULL,
  `Curso` varchar(10) CHARACTER SET utf8 NOT NULL,
  `Descuento` double(2,2) NOT NULL
) ENGINE=InnoDB DEFAULT CHARSET=latin1;

--
-- Volcado de datos para la tabla `LIBRO_DE_ESTUDIO`
--

INSERT INTO `LIBRO_DE_ESTUDIO` (`CodigoLibro`, `Anio`, `Curso`, `Descuento`) VALUES
('BKA143104', '2017', 'I', 0.20),
('BKA143104', '2017', 'II', 0.32),
('BKA143104', '2017', 'III', 0.42),
('BKA209111', '2017', 'V', 0.37),
('BKA209111', '2017', 'VI', 0.46),
('BKA209111', '2017', 'VII', 0.39),
('BKA209111', '2017', 'VIII', 0.36),
('BKA319115', '2017', 'I', 0.32),
('BKA319115', '2017', 'II', 0.40),
('BKA319115', '2017', 'III', 0.23),
('BKA319115', '2017', 'IV', 0.80),
('BKA506108', '2017', 'V', 0.23),
('BKA506108', '2017', 'VI', 0.40),
('BKA506108', '2017', 'VII', 0.80),
('BKA561115', '2017', 'III', 0.20),
('BKA605101', '2017', 'I', 0.60),
('BKA605101', '2017', 'II', 0.21),
('BKA825117', '2017', 'II', 0.23),
('BKA902101', '2017', 'II', 0.42),
('BKA968115', '2017', 'VI', 0.36),
('BKB792110', '2017', 'I', 0.31),
('BKB792110', '2017', 'II', 0.40),
('BKE165114', '2017', 'II', 0.45),
('BKE165114', '2017', 'V', 0.31),
('BKE253109', '2017', 'III', 0.33),
('BKE253109', '2017', 'IV', 0.31),
('BKE253109', '2017', 'V', 0.27),
('BKE253109', '2017', 'VI', 0.33),
('BKE27565', '2017', 'I', 0.30),
('BKE27565', '2017', 'II', 0.44),
('BKE27565', '2017', 'III', 0.50),
('BKE27565', '2017', 'IV', 0.32),
('BKE308119', '2017', 'I', 0.47),
('BKE308119', '2017', 'II', 0.45),
('BKE308119', '2017', 'III', 0.37),
('BKE308119', '2017', 'VII', 0.37),
('BKE649111', '2017', 'IV', 0.37),
('BKE649111', '2017', 'V', 0.46),
('BKE649111', '2017', 'VI', 0.32),
('BKE649111', '2017', 'VII', 0.49),
('BKE759121', '2017', 'IV', 0.39),
('BKE814109', '2017', 'I', 0.34),
('BKE814109', '2017', 'II', 0.20),
('BKE814109', '2017', 'III', 0.42),
('BKE814109', '2017', 'IV', 0.39),
('BKE935107', '2017', 'VIII', 0.44),
('BKE968105', '2017', 'II', 0.41),
('BKG649110', '2017', 'V', 0.45),
('BKG649110', '2017', 'VI', 0.45),
('BKG649110', '2017', 'VII', 0.41),
('BKG649110', '2017', 'VIII', 0.80),
('BKH121101', '2017', 'III', 0.31),
('BKH187115', '2017', 'I', 0.31),
('BKH187115', '2017', 'II', 0.47),
('BKH187115', '2017', 'III', 0.27),
('BKH187115', '2017', 'VI', 0.40),
('BKH198115', '2017', 'III', 0.24),
('BKH242110', '2017', 'I', 0.50),
('BKH253110', '2017', 'VII', 0.37),
('BKH30886', '2017', 'VI', 0.60),
('BKH36332', '2017', 'V', 0.21),
('BKH385101', '2017', 'V', 0.27),
('BKH40783', '2017', 'VI', 0.33),
('BKH418101', '2017', 'I', 0.48),
('BKH50699', '2017', 'III', 0.37),
('BKH50699', '2017', 'IV', 0.29),
('BKH50699', '2017', 'V', 0.11),
('BKH528119', '2017', 'II', 0.47),
('BKH52873', '2017', 'III', 0.34),
('BKH638110', '2017', 'I', 0.45),
('BKH72673', '2017', 'VII', 0.24),
('BKH74886', '2017', 'IV', 0.39),
('BKH86973', '2017', 'II', 0.31),
('BKH880117', '2017', 'IV', 0.37),
('BKH935115', '2017', 'I', 0.70),
('BKH935115', '2017', 'II', 0.36),
('BKH979103', '2017', 'I', 0.50),
('BKH979103', '2017', 'II', 0.20),
('BKH979103', '2017', 'III', 0.31),
('BKH979103', '2017', 'IV', 0.45),
('BKH979103', '2017', 'V', 0.45),
('BKH979103', '2017', 'VI', 0.41),
('BKH979103', '2017', 'VII', 0.80),
('BKL594108', '2017', 'V', 0.49),
('BKM19897', '2017', 'IV', 0.46),
('BKM515144', '2017', 'V', 0.70),
('BKN319105', '2017', 'III', 0.37),
('BKN616111', '2017', 'III', 0.49),
('BKN616111', '2017', 'IV', 0.43),
('BKN880115', '2017', 'I', 0.45),
('BKN880115', '2017', 'IV', 0.50),
('BKN990105', '2017', 'I', 0.46),
('BKN990105', '2017', 'II', 0.39),
('BKN990105', '2017', 'III', 0.36),
('BKO176108', '2017', 'IV', 0.43),
('BKO264103', '2017', 'II', 0.80),
('BKO396111', '2017', 'I', 0.48),
('BKO396111', '2017', 'II', 0.20),
('BKO396111', '2017', 'III', 0.14),
('BKO451115', '2017', 'II', 0.44),
('BKO616114', '2017', 'II', 0.32),
('BKO627115', '2017', 'V', 0.21),
('BKO627115', '2017', 'VI', 0.60),
('BKO627115', '2017', 'VII', 0.24),
('BKO627115', '2017', 'VIII', 0.33),
('BKO924101', '2017', 'I', 0.33),
('BKR286116', '2017', 'III', 0.31),
('BKR451108', '2017', 'II', 0.20),
('BKR869101', '2017', 'I', 0.20),
('BKR869101', '2017', 'II', 0.31),
('BKR869101', '2017', 'V', 0.39),
('BKR869101', '2017', 'VI', 0.36),
('BKR902101', '2017', 'II', 0.30),
('BKS869109', '2017', 'III', 0.20),
('BKS869109', '2017', 'IV', 0.32),
('BKS869109', '2017', 'V', 0.42),
('BKS869109', '2017', 'VI', 0.46),
('BKS869109', '2017', 'VII', 0.41),
('BKU132115', '2017', 'V', 0.37),
('BKU132115', '2017', 'VI', 0.30),
('BKU132115', '2017', 'VII', 0.50),
('BKU429105', '2017', 'IV', 0.39),
('BKV880101', '2017', 'I', 0.50),
('BKX517115', '2017', 'VI', 0.40),
('BKX517115', '2017', 'VII', 0.31),
('BKX517115', '2017', 'VIII', 0.37),
('BKY968121', '2017', 'III', 0.32);

-- --------------------------------------------------------

--
-- Estructura de tabla para la tabla `LISTA_DE_LIBROS`
--

CREATE TABLE `LISTA_DE_LIBROS` (
  `Anio` varchar(4) CHARACTER SET utf8 NOT NULL,
  `Curso` varchar(10) CHARACTER SET utf8 NOT NULL,
  `NombreColegio` varchar(50) CHARACTER SET utf8 NOT NULL
) ENGINE=InnoDB DEFAULT CHARSET=latin1;

--
-- Volcado de datos para la tabla `LISTA_DE_LIBROS`
--

INSERT INTO `LISTA_DE_LIBROS` (`Anio`, `Curso`, `NombreColegio`) VALUES
('2017', 'I', 'Durmstrang Institute'),
('2017', 'II', 'Durmstrang Institute'),
('2017', 'III', 'Durmstrang Institute'),
('2017', 'IV', 'Durmstrang Institute'),
('2017', 'V', 'Durmstrang Institute'),
('2017', 'VI', 'Durmstrang Institute'),
('2017', 'VII', 'Durmstrang Institute'),
('2017', 'I', 'Hogwarts School of Witchcraft and Wizardry'),
('2017', 'II', 'Hogwarts School of Witchcraft and Wizardry'),
('2017', 'III', 'Hogwarts School of Witchcraft and Wizardry'),
('2017', 'IV', 'Hogwarts School of Witchcraft and Wizardry'),
('2017', 'V', 'Hogwarts School of Witchcraft and Wizardry'),
('2017', 'VI', 'Hogwarts School of Witchcraft and Wizardry'),
('2017', 'VII', 'Hogwarts School of Witchcraft and Wizardry'),
('2017', 'I', 'LAcademie de Magie de Beauxbatons'),
('2017', 'II', 'LAcademie de Magie de Beauxbatons'),
('2017', 'III', 'LAcademie de Magie de Beauxbatons'),
('2017', 'IV', 'LAcademie de Magie de Beauxbatons'),
('2017', 'V', 'LAcademie de Magie de Beauxbatons'),
('2017', 'VI', 'LAcademie de Magie de Beauxbatons'),
('2017', 'VII', 'LAcademie de Magie de Beauxbatons'),
('2017', 'VIII', 'LAcademie de Magie de Beauxbatons');

-- --------------------------------------------------------

--
-- Estructura de tabla para la tabla `ORDEN_DE_COMPRA`
--

CREATE TABLE `ORDEN_DE_COMPRA` (
  `Numero` varchar(10) CHARACTER SET utf8 NOT NULL,
  `FechaEmision` datetime NOT NULL,
  `FechaRecibo` datetime NOT NULL,
  `EstadoPago` tinytext CHARACTER SET utf8 NOT NULL,
  `RutEmpresa` varchar(10) CHARACTER SET utf8 NOT NULL
) ENGINE=InnoDB DEFAULT CHARSET=latin1;

--
-- Volcado de datos para la tabla `ORDEN_DE_COMPRA`
--

INSERT INTO `ORDEN_DE_COMPRA` (`Numero`, `FechaEmision`, `FechaRecibo`, `EstadoPago`, `RutEmpresa`) VALUES
('OC000001', '2017-05-16 12:10:00', '2017-04-28 14:24:00', 'PENDIENTE', '741579766'),
('OC000002', '2017-04-05 10:36:00', '2017-03-05 12:51:00', 'COMPLETADO', '730478314'),
('OC000003', '2017-05-11 11:16:00', '2017-04-10 13:31:00', 'PENDIENTE', '730478314'),
('OC000004', '2017-01-30 13:32:00', '2017-01-05 14:59:00', 'COMPLETADO', '732640137'),
('OC000005', '2017-03-12 17:19:00', '2017-02-27 18:43:00', 'COMPLETADO', '740161051'),
('OC000006', '2017-03-20 15:50:00', '2017-02-17 18:05:00', 'COMPLETADO', '736667783'),
('OC000007', '2017-01-16 11:19:00', '2017-01-03 12:43:00', 'COMPLETADO', '740161051'),
('OC000008', '2017-02-18 09:43:00', '2017-02-05 11:07:00', 'COMPLETADO', '740161051'),
('OC000009', '2017-03-01 14:09:00', '2017-02-16 15:33:00', 'COMPLETADO', '740161051'),
('OC000010', '2017-05-29 09:08:00', '2017-05-11 11:22:00', 'PENDIENTE', '723581900'),
('OC000011', '2017-04-09 10:45:00', '2017-04-02 13:02:00', 'COMPLETADO', '720049227'),
('OC000012', '2017-02-07 12:01:00', '2017-01-20 14:15:00', 'COMPLETADO', '728669547'),
('OC000013', '2017-03-18 13:58:00', '2017-03-05 15:22:00', 'COMPLETADO', '740161051'),
('OC000014', '2017-03-07 09:31:00', '2017-02-04 11:46:00', 'COMPLETADO', '736667783'),
('OC000015', '2017-01-02 14:21:00', '2016-12-26 16:38:00', 'COMPLETADO', '720049227'),
('OC000016', '2017-02-16 14:56:00', '2017-01-16 17:11:00', 'COMPLETADO', '730478314'),
('OC000017', '2017-03-08 11:49:00', '2017-02-23 13:13:00', 'COMPLETADO', '740161051'),
('OC000018', '2017-05-12 10:08:00', '2017-04-11 12:23:00', 'PENDIENTE', '730478314'),
('OC000019', '2017-05-23 15:46:00', '2017-05-10 17:10:00', 'PENDIENTE', '740161051'),
('OC000020', '2017-02-19 12:23:00', '2017-02-06 13:47:00', 'COMPLETADO', '740161051'),
('OC000021', '2017-05-16 12:38:00', '2017-04-28 14:52:00', 'PENDIENTE', '728669547'),
('OC000022', '2017-04-29 11:52:00', '2017-03-29 14:07:00', 'COMPLETADO', '730478314'),
('OC000023', '2017-02-20 11:58:00', '2017-01-20 14:13:00', 'COMPLETADO', '730478314'),
('OC000024', '2017-04-14 12:56:00', '2017-04-01 14:20:00', 'COMPLETADO', '740161051'),
('OC000025', '2017-02-09 11:59:00', '2017-01-22 14:13:00', 'COMPLETADO', '728669547'),
('OC000026', '2017-05-26 10:26:00', '2017-04-25 12:41:00', 'PENDIENTE', '736667783'),
('OC000027', '2017-04-14 16:58:00', '2017-03-14 19:13:00', 'COMPLETADO', '736667783'),
('OC000028', '2017-05-07 19:35:00', '2017-04-06 21:50:00', 'PENDIENTE', '730478314'),
('OC000029', '2017-02-25 17:36:00', '2017-02-12 19:00:00', 'COMPLETADO', '740161051'),
('OC000030', '2017-05-06 16:36:00', '2017-04-05 18:51:00', 'PENDIENTE', '736667783'),
('OC000031', '2017-05-11 12:37:00', '2017-04-10 14:52:00', 'PENDIENTE', '730478314'),
('OC000032', '2017-02-09 15:35:00', '2017-01-09 17:50:00', 'COMPLETADO', '730478314'),
('OC000033', '2017-03-09 16:17:00', '2017-02-06 18:32:00', 'COMPLETADO', '736667783'),
('OC000034', '2017-04-20 17:29:00', '2017-03-20 19:44:00', 'COMPLETADO', '736667783'),
('OC000035', '2017-04-27 14:02:00', '2017-04-09 16:16:00', 'COMPLETADO', '725346666'),
('OC000036', '2017-03-17 16:40:00', '2017-02-27 18:54:00', 'COMPLETADO', '728669547'),
('OC000037', '2017-01-29 10:14:00', '2017-01-16 11:38:00', 'COMPLETADO', '740161051'),
('OC000038', '2017-04-23 10:23:00', '2017-03-29 11:50:00', 'COMPLETADO', '732640137'),
('OC000039', '2017-01-29 11:30:00', '2017-01-11 13:44:00', 'COMPLETADO', '728669547'),
('OC000040', '2017-02-07 16:18:00', '2017-01-07 18:33:00', 'COMPLETADO', '730478314'),
('OC000041', '2017-02-27 09:57:00', '2017-01-27 12:12:00', 'COMPLETADO', '730478314'),
('OC000042', '2017-05-06 11:36:00', '2017-04-23 13:00:00', 'PENDIENTE', '740161051'),
('OC000043', '2017-02-18 15:06:00', '2017-01-18 17:21:00', 'COMPLETADO', '736667783'),
('OC000044', '2017-01-26 09:39:00', '2016-12-26 11:54:00', 'COMPLETADO', '730478314'),
('OC000045', '2017-03-13 12:12:00', '2017-02-28 13:36:00', 'COMPLETADO', '740161051'),
('OC000046', '2017-03-06 15:44:00', '2017-02-03 17:59:00', 'COMPLETADO', '730478314'),
('OC000047', '2017-02-24 18:02:00', '2017-02-11 19:26:00', 'COMPLETADO', '740161051'),
('OC000048', '2017-01-13 13:33:00', '2016-12-13 15:48:00', 'COMPLETADO', '736667783'),
('OC000049', '2017-04-03 16:29:00', '2017-03-16 18:43:00', 'COMPLETADO', '725346666'),
('OC000050', '2017-03-02 10:01:00', '2017-02-17 11:25:00', 'COMPLETADO', '740161051'),
('OC000051', '2017-05-08 11:27:00', '2017-05-01 13:44:00', 'PENDIENTE', '720049227'),
('OC000052', '2017-01-23 17:19:00', '2016-12-23 19:34:00', 'COMPLETADO', '736667783'),
('OC000053', '2017-03-10 12:15:00', '2017-02-07 14:30:00', 'COMPLETADO', '730478314'),
('OC000054', '2017-03-21 17:05:00', '2017-03-03 19:19:00', 'COMPLETADO', '725346666'),
('OC000055', '2017-05-21 17:10:00', '2017-05-03 19:24:00', 'PENDIENTE', '725346666'),
('OC000056', '2017-04-09 18:28:00', '2017-03-15 19:55:00', 'COMPLETADO', '732640137'),
('OC000057', '2017-03-14 18:44:00', '2017-02-17 20:11:00', 'COMPLETADO', '732640137'),
('OC000058', '2017-03-26 15:25:00', '2017-02-23 17:40:00', 'COMPLETADO', '730478314'),
('OC000059', '2017-02-06 18:37:00', '2017-01-19 20:51:00', 'COMPLETADO', '728669547'),
('OC000060', '2017-01-25 19:29:00', '2016-12-25 21:44:00', 'COMPLETADO', '736667783'),
('OC000061', '2017-03-29 19:06:00', '2017-03-22 21:23:00', 'COMPLETADO', '720049227'),
('OC000062', '2017-05-15 09:16:00', '2017-04-14 11:31:00', 'PENDIENTE', '730478314'),
('OC000063', '2017-03-14 14:22:00', '2017-02-17 15:49:00', 'COMPLETADO', '724575736'),
('OC000064', '2017-03-18 19:03:00', '2017-03-05 20:27:00', 'COMPLETADO', '740161051'),
('OC000065', '2017-04-06 19:07:00', '2017-03-19 21:21:00', 'COMPLETADO', '723581900'),
('OC000067', '2017-02-17 16:47:00', '2017-01-17 19:02:00', 'COMPLETADO', '730478314'),
('OC000068', '2017-01-28 11:26:00', '2017-01-03 12:53:00', 'COMPLETADO', '724575736'),
('OC000069', '2017-03-11 15:20:00', '2017-02-14 16:47:00', 'COMPLETADO', '732640137'),
('OC000070', '2017-01-16 12:19:00', '2016-12-29 14:33:00', 'COMPLETADO', '728669547'),
('OC000071', '2017-01-25 17:30:00', '2017-01-12 18:54:00', 'COMPLETADO', '740161051'),
('OC000072', '2017-04-29 14:19:00', '2017-03-29 16:34:00', 'COMPLETADO', '736667783'),
('OC000073', '2017-04-06 19:52:00', '2017-03-06 22:07:00', 'COMPLETADO', '736667783'),
('OC000074', '2017-05-30 15:28:00', '2017-04-29 17:43:00', 'PENDIENTE', '730478314'),
('OC000075', '2017-04-10 18:42:00', '2017-03-16 20:09:00', 'COMPLETADO', '732640137'),
('OC000076', '2017-01-21 09:29:00', '2016-12-21 11:44:00', 'COMPLETADO', '730478314'),
('OC000077', '2017-03-16 10:28:00', '2017-03-09 12:45:00', 'COMPLETADO', '720049227'),
('OC000078', '2017-02-20 18:31:00', '2017-02-02 20:45:00', 'COMPLETADO', '728669547'),
('OC000079', '2017-02-01 09:55:00', '2017-01-14 12:09:00', 'COMPLETADO', '723581900'),
('OC000080', '2017-01-05 10:50:00', '2016-12-05 13:05:00', 'COMPLETADO', '730478314'),
('OC000081', '2017-01-06 09:28:00', '2016-12-19 11:42:00', 'COMPLETADO', '728669547'),
('OC000082', '2017-04-25 17:07:00', '2017-03-31 18:34:00', 'COMPLETADO', '732640137'),
('OC000084', '2017-01-21 18:58:00', '2016-12-21 21:13:00', 'COMPLETADO', '730478314'),
('OC000085', '2017-03-13 18:10:00', '2017-02-23 20:24:00', 'COMPLETADO', '723581900'),
('OC000086', '2017-04-07 14:30:00', '2017-03-07 16:45:00', 'COMPLETADO', '730478314'),
('OC000087', '2017-05-14 15:51:00', '2017-05-01 17:15:00', 'PENDIENTE', '740161051'),
('OC000088', '2017-02-02 10:13:00', '2017-01-20 11:37:00', 'COMPLETADO', '740161051'),
('OC000089', '2017-03-28 15:56:00', '2017-02-25 18:11:00', 'COMPLETADO', '736667783'),
('OC000090', '2017-04-19 12:19:00', '2017-03-25 13:46:00', 'COMPLETADO', '732640137'),
('OC000091', '2017-03-14 10:11:00', '2017-03-01 11:35:00', 'COMPLETADO', '740161051'),
('OC000092', '2017-01-28 13:18:00', '2017-01-15 14:42:00', 'COMPLETADO', '740161051'),
('OC000093', '2017-01-14 15:08:00', '2016-12-14 17:23:00', 'COMPLETADO', '730478314'),
('OC000094', '2017-02-14 17:54:00', '2017-01-27 20:08:00', 'COMPLETADO', '728669547'),
('OC000095', '2017-04-07 12:47:00', '2017-03-25 14:11:00', 'COMPLETADO', '740161051'),
('OC000096', '2017-03-11 16:50:00', '2017-02-21 19:04:00', 'COMPLETADO', '728669547'),
('OC000097', '2017-01-28 12:53:00', '2016-12-28 15:08:00', 'COMPLETADO', '730478314'),
('OC000098', '2017-02-26 19:58:00', '2017-02-13 21:22:00', 'COMPLETADO', '740161051'),
('OC000099', '2017-02-21 18:14:00', '2017-02-08 19:38:00', 'COMPLETADO', '740161051'),
('OC000100', '2017-05-24 16:00:00', '2017-04-23 18:15:00', 'PENDIENTE', '730478314'),
('OC000101', '2017-02-14 14:32:00', '2017-01-20 15:59:00', 'COMPLETADO', '724575736'),
('OC000102', '2017-05-21 11:03:00', '2017-05-03 13:17:00', 'PENDIENTE', '741579766'),
('OC000103', '2017-04-24 14:33:00', '2017-04-06 16:47:00', 'COMPLETADO', '728669547'),
('OC000104', '2017-04-27 19:32:00', '2017-03-27 21:47:00', 'COMPLETADO', '730478314'),
('OC000105', '2017-03-19 12:45:00', '2017-02-16 15:00:00', 'COMPLETADO', '730478314'),
('OC000106', '2017-03-25 17:38:00', '2017-02-22 19:53:00', 'COMPLETADO', '730478314'),
('OC000107', '2017-05-18 12:16:00', '2017-05-05 13:40:00', 'PENDIENTE', '740161051'),
('OC000108', '2017-05-20 09:03:00', '2017-05-13 11:20:00', 'PENDIENTE', '720049227'),
('OC000109', '2017-01-10 14:59:00', '2016-12-28 16:23:00', 'COMPLETADO', '740161051'),
('OC000110', '2017-04-07 12:06:00', '2017-03-20 14:20:00', 'COMPLETADO', '741579766'),
('OC000111', '2017-01-14 17:38:00', '2016-12-20 19:05:00', 'COMPLETADO', '732640137'),
('OC000112', '2017-02-10 09:50:00', '2017-01-23 12:04:00', 'COMPLETADO', '723581900'),
('OC000113', '2017-01-07 10:18:00', '2016-12-25 11:42:00', 'COMPLETADO', '740161051'),
('OC000114', '2017-05-24 15:25:00', '2017-05-11 16:49:00', 'PENDIENTE', '740161051'),
('OC000115', '2017-01-01 18:05:00', '2016-12-19 19:29:00', 'COMPLETADO', '740161051'),
('OC000116', '2017-03-26 16:10:00', '2017-03-08 18:24:00', 'COMPLETADO', '725346666'),
('OC000117', '2017-01-02 12:05:00', '2016-12-02 14:20:00', 'COMPLETADO', '730478314'),
('OC000118', '2017-01-16 17:27:00', '2016-12-16 19:42:00', 'COMPLETADO', '736667783'),
('OC000119', '2017-05-08 10:22:00', '2017-05-01 12:39:00', 'PENDIENTE', '720049227'),
('OC000120', '2017-03-30 11:42:00', '2017-03-12 13:56:00', 'COMPLETADO', '728669547'),
('OC000121', '2017-01-04 09:57:00', '2016-12-22 11:21:00', 'COMPLETADO', '740161051'),
('OC000123', '2017-01-22 13:31:00', '2017-01-04 15:45:00', 'COMPLETADO', '728669547'),
('OC000124', '2017-01-22 17:27:00', '2017-01-09 18:51:00', 'COMPLETADO', '740161051'),
('OC000125', '2017-02-03 13:55:00', '2017-01-21 15:19:00', 'COMPLETADO', '740161051'),
('OC000126', '2017-01-19 14:20:00', '2016-12-25 15:47:00', 'COMPLETADO', '724575736'),
('OC000127', '2017-05-12 19:32:00', '2017-04-24 21:46:00', 'PENDIENTE', '723581900'),
('OC000128', '2017-05-25 11:32:00', '2017-04-30 12:59:00', 'PENDIENTE', '732640137'),
('OC000129', '2017-02-03 13:39:00', '2017-01-21 15:03:00', 'COMPLETADO', '740161051'),
('OC000130', '2017-01-01 13:32:00', '2016-12-01 15:47:00', 'COMPLETADO', '730478314'),
('OC000131', '2017-05-05 15:48:00', '2017-04-17 18:02:00', 'PENDIENTE', '741579766'),
('OC000132', '2017-03-29 10:43:00', '2017-03-11 12:57:00', 'COMPLETADO', '728669547'),
('OC000133', '2017-03-07 17:27:00', '2017-02-04 19:42:00', 'COMPLETADO', '730478314'),
('OC000134', '2017-04-01 14:52:00', '2017-03-14 17:06:00', 'COMPLETADO', '728669547'),
('OC000135', '2017-04-15 19:05:00', '2017-03-28 21:19:00', 'COMPLETADO', '728669547'),
('OC000136', '2017-04-10 12:30:00', '2017-03-10 14:45:00', 'COMPLETADO', '730478314'),
('OC000137', '2017-01-20 14:54:00', '2017-01-07 16:18:00', 'COMPLETADO', '740161051'),
('OC000138', '2017-01-27 12:53:00', '2017-01-14 14:17:00', 'COMPLETADO', '740161051'),
('OC000139', '2017-02-28 15:57:00', '2017-02-10 18:11:00', 'COMPLETADO', '728669547'),
('OC000140', '2017-05-20 19:02:00', '2017-05-07 20:26:00', 'PENDIENTE', '740161051'),
('OC000141', '2017-02-25 19:39:00', '2017-02-12 21:03:00', 'COMPLETADO', '740161051'),
('OC000142', '2017-03-20 19:13:00', '2017-03-02 21:27:00', 'COMPLETADO', '725346666'),
('OC000143', '2017-02-09 18:18:00', '2017-01-27 19:42:00', 'COMPLETADO', '740161051'),
('OC000144', '2017-04-27 14:09:00', '2017-04-09 16:23:00', 'COMPLETADO', '723581900'),
('OC000145', '2017-03-15 17:11:00', '2017-03-08 19:28:00', 'COMPLETADO', '720049227'),
('OC000146', '2017-02-27 09:20:00', '2017-02-14 10:44:00', 'COMPLETADO', '740161051'),
('OC000147', '2017-03-26 10:51:00', '2017-03-08 13:05:00', 'COMPLETADO', '723581900'),
('OC000148', '2017-04-16 18:08:00', '2017-03-16 20:23:00', 'COMPLETADO', '730478314'),
('OC000149', '2017-03-11 10:21:00', '2017-02-21 12:35:00', 'COMPLETADO', '723581900'),
('OC000150', '2017-05-03 10:47:00', '2017-04-26 13:04:00', 'PENDIENTE', '720049227'),
('OC000151', '2017-03-17 14:05:00', '2017-02-27 16:19:00', 'COMPLETADO', '728669547'),
('OC000152', '2017-05-18 16:50:00', '2017-05-05 18:14:00', 'PENDIENTE', '740161051'),
('OC000153', '2017-03-16 19:17:00', '2017-03-03 20:41:00', 'COMPLETADO', '740161051'),
('OC000154', '2017-01-22 15:40:00', '2017-01-15 17:57:00', 'COMPLETADO', '720049227'),
('OC000155', '2017-01-30 11:13:00', '2016-12-30 13:28:00', 'COMPLETADO', '730478314'),
('OC000156', '2017-05-01 11:10:00', '2017-03-31 13:25:00', 'PENDIENTE', '736667783'),
('OC000157', '2017-02-10 12:54:00', '2017-01-28 14:18:00', 'COMPLETADO', '740161051'),
('OC000158', '2017-02-26 14:36:00', '2017-01-26 16:51:00', 'COMPLETADO', '730478314'),
('OC000159', '2017-02-25 18:27:00', '2017-02-07 20:41:00', 'COMPLETADO', '741579766'),
('OC000160', '2017-01-22 17:20:00', '2016-12-28 18:47:00', 'COMPLETADO', '724575736'),
('OC000161', '2017-01-15 15:41:00', '2016-12-28 17:55:00', 'COMPLETADO', '728669547'),
('OC000162', '2017-02-02 16:05:00', '2017-01-02 18:20:00', 'COMPLETADO', '730478314'),
('OC000163', '2017-01-04 14:40:00', '2016-12-22 16:04:00', 'COMPLETADO', '740161051'),
('OC000164', '2017-01-26 17:28:00', '2017-01-08 19:42:00', 'COMPLETADO', '723581900'),
('OC000165', '2017-01-18 13:40:00', '2017-01-11 15:57:00', 'COMPLETADO', '720049227'),
('OC000166', '2017-01-25 12:25:00', '2016-12-31 13:52:00', 'COMPLETADO', '732640137'),
('OC000167', '2017-01-06 11:55:00', '2016-12-24 13:19:00', 'COMPLETADO', '740161051'),
('OC000168', '2017-01-25 09:54:00', '2017-01-07 12:08:00', 'COMPLETADO', '723581900'),
('OC000169', '2017-02-01 18:43:00', '2017-01-07 20:10:00', 'COMPLETADO', '732640137'),
('OC000170', '2017-03-19 18:30:00', '2017-02-16 20:45:00', 'COMPLETADO', '730478314'),
('OC000171', '2017-04-22 10:17:00', '2017-04-15 12:34:00', 'COMPLETADO', '720049227'),
('OC000172', '2017-01-01 12:23:00', '2016-12-19 13:47:00', 'COMPLETADO', '740161051'),
('OC000173', '2017-02-19 10:44:00', '2017-01-19 12:59:00', 'COMPLETADO', '736667783'),
('OC000174', '2017-01-17 17:04:00', '2016-12-30 19:18:00', 'COMPLETADO', '728669547'),
('OC000175', '2017-02-15 17:11:00', '2017-02-02 18:35:00', 'COMPLETADO', '740161051'),
('OC000176', '2017-04-19 09:51:00', '2017-04-06 11:15:00', 'COMPLETADO', '740161051'),
('OC000177', '2017-04-15 18:56:00', '2017-04-02 20:20:00', 'COMPLETADO', '740161051'),
('OC000178', '2017-03-03 17:05:00', '2017-01-31 19:20:00', 'COMPLETADO', '736667783'),
('OC000179', '2017-01-27 19:39:00', '2017-01-14 21:03:00', 'COMPLETADO', '740161051'),
('OC000180', '2017-05-27 14:52:00', '2017-05-09 17:06:00', 'PENDIENTE', '725346666'),
('OC000181', '2017-03-10 17:29:00', '2017-02-25 18:53:00', 'COMPLETADO', '740161051'),
('OC000182', '2017-02-27 16:56:00', '2017-02-09 19:10:00', 'COMPLETADO', '728669547'),
('OC000183', '2017-01-12 16:51:00', '2016-12-12 19:06:00', 'COMPLETADO', '736667783'),
('OC000184', '2017-02-16 16:38:00', '2017-01-16 18:53:00', 'COMPLETADO', '730478314'),
('OC000185', '2017-04-17 18:56:00', '2017-03-30 21:10:00', 'COMPLETADO', '741579766'),
('OC000186', '2017-04-15 14:56:00', '2017-03-28 17:10:00', 'COMPLETADO', '728669547'),
('OC000187', '2017-03-07 15:57:00', '2017-02-22 17:21:00', 'COMPLETADO', '740161051'),
('OC000188', '2017-02-03 16:04:00', '2017-01-03 18:19:00', 'COMPLETADO', '730478314'),
('OC000189', '2017-02-10 16:29:00', '2017-01-23 18:43:00', 'COMPLETADO', '741579766'),
('OC000190', '2017-01-10 18:29:00', '2016-12-28 19:53:00', 'COMPLETADO', '740161051'),
('OC000191', '2017-05-21 15:07:00', '2017-04-26 16:34:00', 'PENDIENTE', '724575736'),
('OC000192', '2017-01-03 12:10:00', '2016-12-03 14:25:00', 'COMPLETADO', '730478314'),
('OC000193', '2017-03-23 14:41:00', '2017-03-10 16:05:00', 'COMPLETADO', '740161051'),
('OC000194', '2017-03-05 15:36:00', '2017-02-15 17:50:00', 'COMPLETADO', '728669547'),
('OC000195', '2017-02-07 18:29:00', '2017-01-25 19:53:00', 'COMPLETADO', '740161051'),
('OC000196', '2017-04-18 09:50:00', '2017-04-11 12:07:00', 'COMPLETADO', '720049227'),
('OC000197', '2017-02-15 16:48:00', '2017-01-28 19:02:00', 'COMPLETADO', '728669547'),
('OC000198', '2017-04-14 16:07:00', '2017-04-01 17:31:00', 'COMPLETADO', '740161051'),
('OC000199', '2017-05-15 13:57:00', '2017-05-02 15:21:00', 'PENDIENTE', '740161051'),
('OC000200', '2017-05-14 19:36:00', '2017-05-01 21:00:00', 'PENDIENTE', '740161051'),
('OC000201', '2017-04-12 14:38:00', '2017-03-18 16:05:00', 'COMPLETADO', '732640137'),
('OC000202', '2017-03-11 09:36:00', '2017-02-14 11:03:00', 'COMPLETADO', '732640137'),
('OC000203', '2017-02-14 17:25:00', '2017-02-07 19:42:00', 'COMPLETADO', '720049227'),
('OC000204', '2017-02-04 12:44:00', '2017-01-22 14:08:00', 'COMPLETADO', '740161051'),
('OC000205', '2017-01-19 09:27:00', '2016-12-25 10:54:00', 'COMPLETADO', '732640137'),
('OC000206', '2017-05-24 11:25:00', '2017-04-23 13:40:00', 'PENDIENTE', '730478314'),
('OC000207', '2017-01-21 16:12:00', '2017-01-03 18:26:00', 'COMPLETADO', '728669547'),
('OC000208', '2017-02-21 15:06:00', '2017-02-08 16:30:00', 'COMPLETADO', '740161051'),
('OC000209', '2017-01-29 10:44:00', '2016-12-29 12:59:00', 'COMPLETADO', '736667783'),
('OC000210', '2017-04-27 11:43:00', '2017-03-27 13:58:00', 'COMPLETADO', '736667783'),
('OC000211', '2017-03-22 13:15:00', '2017-03-09 14:39:00', 'COMPLETADO', '740161051'),
('OC000212', '2017-03-26 11:42:00', '2017-03-13 13:06:00', 'COMPLETADO', '740161051'),
('OC000213', '2017-02-01 12:57:00', '2017-01-14 15:11:00', 'COMPLETADO', '728669547'),
('OC000214', '2017-02-14 09:15:00', '2017-01-27 11:29:00', 'COMPLETADO', '723581900'),
('OC000215', '2017-01-12 11:30:00', '2016-12-25 13:44:00', 'COMPLETADO', '723581900'),
('OC000216', '2017-05-20 16:47:00', '2017-05-07 18:11:00', 'PENDIENTE', '740161051'),
('OC000217', '2017-05-30 09:03:00', '2017-05-05 10:30:00', 'PENDIENTE', '724575736'),
('OC000218', '2017-04-08 15:59:00', '2017-03-21 18:13:00', 'COMPLETADO', '725346666'),
('OC000219', '2017-05-23 16:11:00', '2017-05-10 17:35:00', 'PENDIENTE', '740161051'),
('OC000220', '2017-02-04 15:42:00', '2017-01-04 17:57:00', 'COMPLETADO', '736667783'),
('OC000221', '2017-02-25 10:51:00', '2017-02-12 12:15:00', 'COMPLETADO', '740161051'),
('OC000222', '2017-01-21 14:17:00', '2017-01-03 16:31:00', 'COMPLETADO', '741579766'),
('OC000223', '2017-03-23 15:54:00', '2017-03-05 18:08:00', 'COMPLETADO', '723581900'),
('OC000224', '2017-03-23 19:14:00', '2017-02-20 21:29:00', 'COMPLETADO', '730478314'),
('OC000225', '2017-04-05 17:21:00', '2017-03-23 18:45:00', 'COMPLETADO', '740161051'),
('OC000226', '2017-05-16 17:42:00', '2017-05-03 19:06:00', 'PENDIENTE', '740161051'),
('OC000227', '2017-01-22 13:40:00', '2017-01-09 15:04:00', 'COMPLETADO', '740161051'),
('OC000228', '2017-01-28 19:49:00', '2017-01-21 22:06:00', 'COMPLETADO', '720049227'),
('OC000229', '2017-01-13 14:24:00', '2016-12-26 16:38:00', 'COMPLETADO', '723581900'),
('OC000230', '2017-01-28 10:06:00', '2016-12-28 12:21:00', 'COMPLETADO', '730478314'),
('OC000231', '2017-02-27 12:51:00', '2017-02-14 14:15:00', 'COMPLETADO', '740161051'),
('OC000232', '2017-04-24 17:12:00', '2017-04-11 18:36:00', 'COMPLETADO', '740161051'),
('OC000233', '2017-03-22 15:10:00', '2017-03-04 17:24:00', 'COMPLETADO', '728669547'),
('OC000234', '2017-05-06 18:00:00', '2017-04-23 19:24:00', 'PENDIENTE', '740161051'),
('OC000235', '2017-04-30 12:53:00', '2017-04-17 14:17:00', 'COMPLETADO', '740161051'),
('OC000236', '2017-03-20 18:22:00', '2017-03-02 20:36:00', 'COMPLETADO', '741579766'),
('OC000237', '2017-02-14 18:42:00', '2017-02-01 20:06:00', 'COMPLETADO', '740161051'),
('OC000238', '2017-05-26 09:17:00', '2017-04-25 11:32:00', 'PENDIENTE', '730478314'),
('OC000239', '2017-05-23 09:43:00', '2017-04-28 11:10:00', 'PENDIENTE', '732640137'),
('OC000240', '2017-04-03 09:11:00', '2017-03-21 10:35:00', 'COMPLETADO', '740161051'),
('OC000241', '2017-05-26 11:38:00', '2017-04-25 13:53:00', 'PENDIENTE', '730478314'),
('OC000242', '2017-03-12 10:09:00', '2017-02-22 12:23:00', 'COMPLETADO', '723581900'),
('OC000243', '2017-05-08 15:05:00', '2017-05-01 17:22:00', 'PENDIENTE', '720049227'),
('OC000245', '2017-04-10 17:10:00', '2017-03-10 19:25:00', 'COMPLETADO', '736667783'),
('OC000246', '2017-04-01 11:54:00', '2017-03-19 13:18:00', 'COMPLETADO', '740161051'),
('OC000247', '2017-05-02 10:31:00', '2017-04-19 11:55:00', 'PENDIENTE', '740161051'),
('OC000248', '2016-12-23 15:26:00', '2016-11-28 16:53:00', 'COMPLETADO', '732640137'),
('OC000255', '2016-12-03 15:26:00', '2016-11-15 17:40:00', 'COMPLETADO', '723581900'),
('OC000257', '2016-12-11 15:44:00', '2016-11-28 17:08:00', 'COMPLETADO', '740161051'),
('OC000261', '2016-12-15 14:58:00', '2016-12-02 16:22:00', 'COMPLETADO', '740161051'),
('OC000266', '2016-12-27 12:19:00', '2016-12-02 13:46:00', 'COMPLETADO', '732640137'),
('OC000270', '2016-12-26 16:19:00', '2016-12-13 17:43:00', 'COMPLETADO', '740161051'),
('OC000273', '2016-12-08 09:56:00', '2016-11-20 12:10:00', 'COMPLETADO', '723581900'),
('OC000277', '2016-12-16 10:19:00', '2016-12-09 12:36:00', 'COMPLETADO', '720049227'),
('OC000285', '2016-12-03 13:56:00', '2016-11-20 15:20:00', 'COMPLETADO', '740161051'),
('OC000293', '2016-12-14 19:41:00', '2016-11-19 21:08:00', 'COMPLETADO', '732640137'),
('OC000295', '2016-12-12 13:16:00', '2016-11-11 15:31:00', 'COMPLETADO', '736667783'),
('OC000300', '2016-12-21 15:10:00', '2016-12-03 17:24:00', 'COMPLETADO', '723581900'),
('OC000308', '2016-12-23 09:15:00', '2016-12-05 11:29:00', 'COMPLETADO', '723581900'),
('OC000315', '2016-12-22 18:30:00', '2016-11-21 20:45:00', 'COMPLETADO', '730478314'),
('OC000324', '2016-12-18 10:20:00', '2016-11-30 12:34:00', 'COMPLETADO', '723581900'),
('OC000325', '2016-12-28 18:24:00', '2016-12-10 20:38:00', 'COMPLETADO', '728669547'),
('OC000333', '2016-12-14 12:01:00', '2016-11-13 14:16:00', 'COMPLETADO', '736667783'),
('OC000334', '2016-12-05 10:21:00', '2016-11-17 12:35:00', 'COMPLETADO', '728669547');

-- --------------------------------------------------------

--
-- Estructura de tabla para la tabla `PERSONAL`
--

CREATE TABLE `PERSONAL` (
  `RutPersonal` varchar(10) CHARACTER SET utf8 NOT NULL,
  `Nombre` text CHARACTER SET utf8 NOT NULL,
  `FechaIngreso` date NOT NULL,
  `SueldoBruto` int(11) NOT NULL,
  `Isapre` tinytext CHARACTER SET utf8 NOT NULL,
  `AFP` tinytext CHARACTER SET utf8 NOT NULL,
  `EsAseo` binary(1) NOT NULL,
  `TurnoInicio_A` time NOT NULL,
  `TurnoFin_A` time NOT NULL,
  `EsVendedor` binary(1) NOT NULL,
  `TurnoInicio_V` time NOT NULL,
  `TurnoFin_V` time NOT NULL
) ENGINE=InnoDB DEFAULT CHARSET=latin1;

--
-- Volcado de datos para la tabla `PERSONAL`
--

INSERT INTO `PERSONAL` (`RutPersonal`, `Nombre`, `FechaIngreso`, `SueldoBruto`, `Isapre`, `AFP`, `EsAseo`, `TurnoInicio_A`, `TurnoFin_A`, `EsVendedor`, `TurnoInicio_V`, `TurnoFin_V`) VALUES
('141039409', 'Alonzo Zema', '2012-04-08', 774000, 'Consalud', 'PlanVital', 0x30, '14:00:00', '20:00:00', 0x31, '09:00:00', '17:00:00'),
('142698703', 'Archibald Bennet', '1992-08-24', 979000, 'Colmena', 'ProVida', 0x31, '09:00:00', '13:00:00', 0x31, '14:00:00', '20:00:00'),
('147645305', 'Arkie Alderton', '1998-04-25', 809000, 'Cruz Blanca', 'Cuprum', 0x31, '09:00:00', '12:00:00', 0x31, '13:00:00', '18:00:00'),
('149140256', 'Valerie Valion', '2001-12-13', 767000, 'Consalud', 'Modelo', 0x30, '09:30:00', '19:30:00', 0x31, '09:00:00', '18:00:00'),
('151184843', 'Dagbert Pips', '1993-03-18', 741000, 'Consalud', 'Modelo', 0x30, '11:25:00', '18:25:00', 0x31, '14:00:00', '20:00:00'),
('160608095', 'Dominic Maestro', '2001-02-04', 867000, 'Colmena', 'Cuprum', 0x31, '13:00:00', '18:00:00', 0x31, '10:00:00', '12:00:00'),
('166510489', 'Vladimir Plot', '1993-11-27', 822000, 'Colmena', 'Cuprum', 0x31, '14:00:00', '19:00:00', 0x31, '11:00:00', '13:00:00'),
('169457187', 'Jimmy Kiddell', '2009-10-12', 570000, 'Fonasa', 'Modelo', 0x30, '13:00:00', '20:30:00', 0x31, '11:00:00', '17:00:00');

-- --------------------------------------------------------

--
-- Estructura de tabla para la tabla `PROVEEDOR`
--

CREATE TABLE `PROVEEDOR` (
  `RutEmpresa` varchar(10) CHARACTER SET utf8 NOT NULL,
  `Nombre` tinytext CHARACTER SET utf8 NOT NULL,
  `Evaluacion` tinytext CHARACTER SET utf8 NOT NULL,
  `Ubicacion` tinytext CHARACTER SET utf8 NOT NULL
) ENGINE=InnoDB DEFAULT CHARSET=latin1;

--
-- Volcado de datos para la tabla `PROVEEDOR`
--

INSERT INTO `PROVEEDOR` (`RutEmpresa`, `Nombre`, `Evaluacion`, `Ubicacion`) VALUES
('720049227', 'InstaBookshelf', '★★★★★', '2219 Dewing Avenue'),
('723581900', 'Borgin and Burkes', '★★★', '1019 Kenwal Rd.'),
('724575736', 'WipeClean', '★★', '8668 Via Neruda'),
('725346666', 'Magic Furniture', '★★★', '2433 Bailey Road'),
('728669547', 'Foyles Bookstore', '★★★', '2860 D Mt. Hood Circle'),
('730478314', 'LinioCraft', '★', '7640 First Ave.'),
('732640137', 'Amazon', '★★', '6064 Brodia Court'),
('736667783', 'Vintage Bookshelves', '★', '1619 Stillman Court'),
('740161051', 'Wizarding Bookstore', '★★★★', '337 Tosca Way'),
('741579766', 'BuscaLibre', '★★★', '7560 Trees Drive');

-- --------------------------------------------------------

--
-- Estructura de tabla para la tabla `VENTA`
--

CREATE TABLE `VENTA` (
  `NroBoleta` varchar(10) CHARACTER SET utf8 NOT NULL,
  `Hora` time NOT NULL,
  `Fecha` date NOT NULL
) ENGINE=InnoDB DEFAULT CHARSET=latin1;

--
-- Volcado de datos para la tabla `VENTA`
--

INSERT INTO `VENTA` (`NroBoleta`, `Hora`, `Fecha`) VALUES
('BLT000001', '18:46:00', '2017-01-07'),
('BLT000002', '10:22:00', '2017-04-20'),
('BLT000003', '15:33:00', '2017-04-05'),
('BLT000004', '18:53:00', '2017-02-25'),
('BLT000005', '17:26:00', '2017-05-21'),
('BLT000006', '15:07:00', '2017-05-16'),
('BLT000007', '19:37:00', '2017-01-16'),
('BLT000008', '15:33:00', '2017-01-01'),
('BLT000009', '15:25:00', '2017-01-30'),
('BLT000010', '13:01:00', '2017-04-25'),
('BLT000011', '16:46:00', '2017-03-14'),
('BLT000012', '10:14:00', '2017-03-13'),
('BLT000013', '17:48:00', '2017-03-01'),
('BLT000014', '14:37:00', '2017-01-23'),
('BLT000015', '14:43:00', '2017-02-27'),
('BLT000016', '20:17:00', '2017-01-24'),
('BLT000017', '10:27:00', '2017-02-04'),
('BLT000018', '15:27:00', '2017-02-27'),
('BLT000019', '16:38:00', '2017-02-27'),
('BLT000020', '13:31:00', '2017-01-15'),
('BLT000021', '09:35:00', '2017-03-05'),
('BLT000022', '15:36:00', '2017-01-11'),
('BLT000023', '14:53:00', '2017-01-05'),
('BLT000024', '10:19:00', '2017-02-09'),
('BLT000025', '19:13:00', '2017-05-19'),
('BLT000026', '16:34:00', '2017-02-20'),
('BLT000027', '14:05:00', '2017-05-15'),
('BLT000028', '19:31:00', '2017-04-01'),
('BLT000029', '17:29:00', '2017-02-10'),
('BLT000030', '18:54:00', '2017-02-09'),
('BLT000031', '16:55:00', '2017-03-23'),
('BLT000032', '13:35:00', '2017-05-14'),
('BLT000033', '13:36:00', '2017-04-19'),
('BLT000034', '16:38:00', '2017-02-14'),
('BLT000035', '19:22:00', '2017-03-14'),
('BLT000036', '16:26:00', '2017-03-14'),
('BLT000037', '18:52:00', '2017-02-03'),
('BLT000038', '13:37:00', '2017-04-26'),
('BLT000039', '11:22:00', '2017-04-24'),
('BLT000040', '16:54:00', '2017-03-17'),
('BLT000041', '10:03:00', '2017-03-06'),
('BLT000042', '18:20:00', '2017-04-06'),
('BLT000043', '09:48:00', '2017-04-18'),
('BLT000044', '10:19:00', '2017-05-30'),
('BLT000045', '10:50:00', '2017-04-22'),
('BLT000046', '11:39:00', '2017-01-13'),
('BLT000047', '15:11:00', '2017-02-09'),
('BLT000048', '12:40:00', '2017-03-18'),
('BLT000049', '17:20:00', '2017-04-27'),
('BLT000050', '16:30:00', '2017-04-01'),
('BLT000051', '14:21:00', '2017-05-29'),
('BLT000052', '19:35:00', '2017-03-12'),
('BLT000053', '11:36:00', '2017-01-08'),
('BLT000054', '20:18:00', '2017-02-12'),
('BLT000055', '14:30:00', '2017-01-27'),
('BLT000056', '10:40:00', '2017-05-18'),
('BLT000057', '20:49:00', '2017-02-12'),
('BLT000058', '16:00:00', '2017-03-30'),
('BLT000059', '13:42:00', '2017-05-02'),
('BLT000060', '18:10:00', '2017-05-30'),
('BLT000061', '11:26:00', '2017-05-24'),
('BLT000062', '19:50:00', '2017-04-22'),
('BLT000063', '13:24:00', '2017-01-11'),
('BLT000064', '13:35:00', '2017-04-21'),
('BLT000065', '18:29:00', '2017-03-28'),
('BLT000066', '11:52:00', '2017-01-26'),
('BLT000067', '13:29:00', '2017-01-12'),
('BLT000068', '11:56:00', '2017-01-30'),
('BLT000069', '12:12:00', '2017-04-16'),
('BLT000070', '09:45:00', '2017-02-04'),
('BLT000071', '12:30:00', '2017-02-10'),
('BLT000072', '11:40:00', '2017-04-10'),
('BLT000073', '09:51:00', '2017-04-04'),
('BLT000074', '15:15:00', '2017-04-09'),
('BLT000075', '14:58:00', '2017-04-18'),
('BLT000076', '12:31:00', '2017-01-17'),
('BLT000077', '13:53:00', '2017-03-18'),
('BLT000078', '13:53:00', '2017-01-24'),
('BLT000079', '16:17:00', '2017-01-22'),
('BLT000080', '09:21:00', '2017-01-19'),
('BLT000081', '15:42:00', '2017-01-12'),
('BLT000082', '16:54:00', '2017-01-02'),
('BLT000083', '18:33:00', '2017-05-15'),
('BLT000084', '12:33:00', '2017-02-07'),
('BLT000085', '19:59:00', '2017-05-13'),
('BLT000086', '13:38:00', '2017-02-16'),
('BLT000087', '17:38:00', '2017-01-01'),
('BLT000088', '15:08:00', '2017-01-10'),
('BLT000089', '12:20:00', '2017-04-02'),
('BLT000090', '19:30:00', '2017-05-10'),
('BLT000091', '12:31:00', '2017-05-02'),
('BLT000092', '16:20:00', '2017-05-17'),
('BLT000093', '12:55:00', '2017-02-12'),
('BLT000094', '18:23:00', '2017-05-19'),
('BLT000095', '17:49:00', '2017-04-08'),
('BLT000096', '09:12:00', '2017-04-30'),
('BLT000097', '10:50:00', '2017-03-07'),
('BLT000098', '16:11:00', '2017-03-04'),
('BLT000099', '11:07:00', '2017-01-25'),
('BLT000100', '19:14:00', '2017-04-18'),
('BLT000101', '19:47:00', '2017-01-06'),
('BLT000102', '13:57:00', '2017-03-03'),
('BLT000103', '16:48:00', '2017-05-07'),
('BLT000104', '17:32:00', '2017-04-18'),
('BLT000105', '11:21:00', '2017-04-14'),
('BLT000106', '09:28:00', '2017-05-21'),
('BLT000107', '11:53:00', '2017-01-21'),
('BLT000108', '12:13:00', '2017-04-15'),
('BLT000109', '09:11:00', '2017-04-18'),
('BLT000110', '09:39:00', '2017-05-04'),
('BLT000111', '15:08:00', '2017-01-07'),
('BLT000112', '18:45:00', '2017-04-19'),
('BLT000113', '15:53:00', '2017-04-08'),
('BLT000114', '13:48:00', '2017-04-06'),
('BLT000115', '13:30:00', '2017-04-17'),
('BLT000116', '09:38:00', '2017-01-08'),
('BLT000117', '17:35:00', '2017-03-30'),
('BLT000118', '12:17:00', '2017-02-05'),
('BLT000119', '19:48:00', '2017-03-07'),
('BLT000120', '19:41:00', '2017-03-28'),
('BLT000121', '20:25:00', '2017-05-27'),
('BLT000122', '19:34:00', '2017-04-30'),
('BLT000123', '16:33:00', '2017-03-26'),
('BLT000124', '10:20:00', '2017-03-12'),
('BLT000125', '17:51:00', '0000-00-00'),
('BLT000126', '17:05:00', '2017-05-22'),
('BLT000127', '14:53:00', '2017-03-03'),
('BLT000128', '11:47:00', '2017-05-26'),
('BLT000129', '15:19:00', '2017-04-19'),
('BLT000130', '09:53:00', '2017-04-19'),
('BLT000131', '11:56:00', '2017-01-14'),
('BLT000132', '12:55:00', '2017-02-05'),
('BLT000133', '16:36:00', '2017-03-07'),
('BLT000134', '16:11:00', '2017-01-09'),
('BLT000135', '15:43:00', '2017-04-30'),
('BLT000136', '09:51:00', '2017-02-06'),
('BLT000137', '09:26:00', '2017-01-18'),
('BLT000138', '19:56:00', '2017-01-20'),
('BLT000139', '18:53:00', '2017-01-22'),
('BLT000140', '11:00:00', '2017-05-27'),
('BLT000141', '13:33:00', '2017-02-12'),
('BLT000142', '12:08:00', '2017-03-19'),
('BLT000143', '14:04:00', '2017-03-05'),
('BLT000144', '09:31:00', '2017-05-09'),
('BLT000145', '10:11:00', '2017-01-02'),
('BLT000146', '19:08:00', '2017-02-16'),
('BLT000147', '13:49:00', '2017-05-05'),
('BLT000148', '19:03:00', '2017-03-09'),
('BLT000149', '16:17:00', '2017-04-13'),
('BLT000150', '16:15:00', '2017-05-11'),
('BLT000151', '14:58:00', '2017-01-21'),
('BLT000152', '20:49:00', '2017-04-09'),
('BLT000153', '16:45:00', '2017-01-21'),
('BLT000154', '14:10:00', '2017-03-05'),
('BLT000155', '09:31:00', '2017-02-23'),
('BLT000156', '11:35:00', '2017-05-25'),
('BLT000157', '11:09:00', '2017-02-27'),
('BLT000158', '15:39:00', '2017-04-29'),
('BLT000159', '15:00:00', '2017-05-02'),
('BLT000160', '13:41:00', '2017-02-23'),
('BLT000161', '13:06:00', '2017-05-18'),
('BLT000162', '12:11:00', '2017-01-25'),
('BLT000163', '16:59:00', '2017-01-20'),
('BLT000164', '20:12:00', '2017-01-05'),
('BLT000165', '16:17:00', '2017-04-03'),
('BLT000166', '11:41:00', '2017-03-24'),
('BLT000167', '12:52:00', '2017-01-05'),
('BLT000168', '19:32:00', '2017-04-24'),
('BLT000169', '09:44:00', '2017-02-15'),
('BLT000170', '18:47:00', '2017-04-15'),
('BLT000171', '09:23:00', '2017-03-09'),
('BLT000172', '19:17:00', '2017-01-03'),
('BLT000173', '20:38:00', '2017-02-03'),
('BLT000174', '15:31:00', '2017-01-09'),
('BLT000175', '13:22:00', '2017-01-13'),
('BLT000176', '15:15:00', '2017-05-18'),
('BLT000177', '16:00:00', '2017-01-02'),
('BLT000178', '20:12:00', '2017-03-28'),
('BLT000179', '14:37:00', '2017-03-07'),
('BLT000180', '13:30:00', '2017-04-22'),
('BLT000181', '10:30:00', '2017-04-22'),
('BLT000182', '19:51:00', '2017-01-25'),
('BLT000183', '12:33:00', '2017-04-10'),
('BLT000184', '09:29:00', '2017-01-09'),
('BLT000185', '12:40:00', '2017-03-03'),
('BLT000186', '11:32:00', '2017-05-20'),
('BLT000187', '20:55:00', '2017-04-09'),
('BLT000188', '18:59:00', '2017-01-19'),
('BLT000189', '19:09:00', '2017-02-06'),
('BLT000190', '19:38:00', '2017-01-27'),
('BLT000191', '16:25:00', '2017-03-30'),
('BLT000192', '13:01:00', '0000-00-00'),
('BLT000193', '10:16:00', '2017-03-05'),
('BLT000194', '18:53:00', '2017-02-19'),
('BLT000195', '12:42:00', '2017-01-15'),
('BLT000196', '09:40:00', '2017-05-12'),
('BLT000197', '16:49:00', '2017-05-30'),
('BLT000198', '16:49:00', '2017-02-03'),
('BLT000199', '15:11:00', '2017-03-09'),
('BLT000200', '12:17:00', '2017-02-21'),
('BLT000201', '12:39:00', '2017-03-11'),
('BLT000202', '18:08:00', '2017-02-09'),
('BLT000203', '15:38:00', '2017-05-15'),
('BLT000204', '11:10:00', '2017-02-05'),
('BLT000205', '13:18:00', '2017-04-08'),
('BLT000206', '13:23:00', '2017-02-22'),
('BLT000207', '13:41:00', '2017-04-08'),
('BLT000208', '13:15:00', '2017-03-06'),
('BLT000209', '13:02:00', '2017-01-19'),
('BLT000210', '10:36:00', '2017-04-15'),
('BLT000211', '19:42:00', '2017-04-23'),
('BLT000212', '14:50:00', '2017-05-17'),
('BLT000213', '12:47:00', '2017-01-21'),
('BLT000214', '09:26:00', '2017-03-10'),
('BLT000215', '15:58:00', '2017-04-15'),
('BLT000216', '17:27:00', '2017-01-19'),
('BLT000217', '15:30:00', '2017-01-07'),
('BLT000218', '12:03:00', '2017-03-16'),
('BLT000219', '14:42:00', '2017-01-01'),
('BLT000220', '14:26:00', '2017-01-07'),
('BLT000221', '09:36:00', '2017-02-26'),
('BLT000222', '09:54:00', '2017-02-11'),
('BLT000223', '11:52:00', '2017-01-05'),
('BLT000224', '16:44:00', '2017-03-03'),
('BLT000225', '15:04:00', '2017-03-25'),
('BLT000226', '15:43:00', '2017-01-24'),
('BLT000227', '12:28:00', '2017-05-08'),
('BLT000228', '16:02:00', '2017-05-13'),
('BLT000229', '14:45:00', '2017-04-23'),
('BLT000230', '13:51:00', '2017-02-22'),
('BLT000231', '10:38:00', '2017-02-15'),
('BLT000232', '14:40:00', '2017-03-23'),
('BLT000233', '09:38:00', '2017-03-09'),
('BLT000234', '10:44:00', '2017-03-07'),
('BLT000235', '10:07:00', '2017-01-02'),
('BLT000236', '12:19:00', '2017-01-03'),
('BLT000237', '17:59:00', '2017-04-24'),
('BLT000238', '17:22:00', '2017-05-09'),
('BLT000239', '09:49:00', '2017-04-17'),
('BLT000240', '10:00:00', '2017-04-15'),
('BLT000241', '18:57:00', '2017-03-04'),
('BLT000242', '10:19:00', '2017-04-03'),
('BLT000243', '19:46:00', '2017-03-08'),
('BLT000244', '11:43:00', '2017-01-25'),
('BLT000245', '16:50:00', '2017-02-07'),
('BLT000246', '18:14:00', '2017-04-23'),
('BLT000247', '18:25:00', '2017-02-27'),
('BLT000248', '09:19:00', '2017-05-06'),
('BLT000249', '17:43:00', '2017-03-25'),
('BLT000250', '09:20:00', '2017-04-18'),
('BLT000251', '18:24:00', '2017-01-18'),
('BLT000252', '12:05:00', '2017-04-04'),
('BLT000253', '10:02:00', '2017-04-11'),
('BLT000254', '15:01:00', '2017-02-25'),
('BLT000255', '20:58:00', '2017-01-02'),
('BLT000256', '12:42:00', '2017-05-11'),
('BLT000257', '10:01:00', '2017-04-14'),
('BLT000258', '15:52:00', '2017-03-04'),
('BLT000259', '15:13:00', '2017-04-29'),
('BLT000260', '16:46:00', '2017-04-05'),
('BLT000261', '20:25:00', '2017-01-19'),
('BLT000262', '16:51:00', '2017-03-10'),
('BLT000263', '09:19:00', '2017-01-25'),
('BLT000264', '16:02:00', '2017-01-16'),
('BLT000265', '15:02:00', '2017-02-05'),
('BLT000266', '18:54:00', '2017-05-16'),
('BLT000267', '12:25:00', '2017-05-09'),
('BLT000268', '13:27:00', '2017-01-02'),
('BLT000269', '12:41:00', '2017-02-23'),
('BLT000270', '16:12:00', '2017-03-08'),
('BLT000271', '17:11:00', '2017-04-20'),
('BLT000272', '14:16:00', '2017-05-02'),
('BLT000273', '13:33:00', '2017-01-06'),
('BLT000274', '11:21:00', '2017-01-16'),
('BLT000275', '10:33:00', '2017-01-26'),
('BLT000276', '11:49:00', '2017-05-27'),
('BLT000277', '18:24:00', '2017-02-21'),
('BLT000278', '14:12:00', '2017-01-07'),
('BLT000279', '11:36:00', '2017-01-18'),
('BLT000280', '13:12:00', '2017-05-04'),
('BLT000281', '20:07:00', '2017-03-17'),
('BLT000282', '20:49:00', '2017-05-24'),
('BLT000283', '15:41:00', '2017-01-18'),
('BLT000284', '10:46:00', '2017-02-14'),
('BLT000285', '10:24:00', '2017-04-01'),
('BLT000286', '13:44:00', '2017-05-18'),
('BLT000287', '16:43:00', '2017-05-04'),
('BLT000288', '12:58:00', '2017-02-13'),
('BLT000289', '20:33:00', '2017-03-09'),
('BLT000290', '14:29:00', '2017-01-18'),
('BLT000291', '11:15:00', '2017-04-16'),
('BLT000292', '13:23:00', '2017-02-07'),
('BLT000293', '10:23:00', '2017-05-05'),
('BLT000294', '16:11:00', '2017-02-12'),
('BLT000295', '13:12:00', '2017-02-27'),
('BLT000296', '18:38:00', '2017-04-12'),
('BLT000297', '19:02:00', '2017-04-30'),
('BLT000298', '14:19:00', '2017-02-27'),
('BLT000299', '11:25:00', '2017-03-03'),
('BLT000300', '19:12:00', '2017-04-23'),
('BLT000301', '16:00:00', '2017-04-09'),
('BLT000302', '13:32:00', '2017-02-28'),
('BLT000303', '09:45:00', '2017-03-08'),
('BLT000304', '11:01:00', '2017-02-04'),
('BLT000305', '13:49:00', '2017-05-17'),
('BLT000306', '16:02:00', '2017-01-09'),
('BLT000307', '17:59:00', '2017-02-28'),
('BLT000308', '11:23:00', '2017-05-26'),
('BLT000309', '15:21:00', '2017-01-05'),
('BLT000310', '15:52:00', '2017-04-05'),
('BLT000311', '12:31:00', '2017-01-11'),
('BLT000312', '16:32:00', '2017-04-25'),
('BLT000313', '13:48:00', '2017-02-28'),
('BLT000314', '14:18:00', '2017-05-25'),
('BLT000315', '12:06:00', '2017-03-14'),
('BLT000316', '19:56:00', '2017-01-05'),
('BLT000317', '11:46:00', '2017-05-02'),
('BLT000318', '16:43:00', '2017-01-02'),
('BLT000319', '18:12:00', '2017-05-26'),
('BLT000320', '19:49:00', '2017-05-12'),
('BLT000321', '16:29:00', '2017-04-01'),
('BLT000322', '19:17:00', '2017-02-02'),
('BLT000323', '12:28:00', '2017-03-07'),
('BLT000324', '11:46:00', '2017-02-22'),
('BLT000325', '19:15:00', '2017-03-03'),
('BLT000326', '20:45:00', '2017-04-20'),
('BLT000327', '19:58:00', '2017-04-30'),
('BLT000328', '09:13:00', '2017-03-03'),
('BLT000329', '17:52:00', '2017-02-28'),
('BLT000330', '17:44:00', '2017-01-14'),
('BLT000331', '15:17:00', '2017-02-10'),
('BLT000332', '18:07:00', '2017-03-09'),
('BLT000333', '14:19:00', '2017-04-04'),
('BLT000334', '14:31:00', '2017-02-23'),
('BLT000335', '16:34:00', '2017-03-21'),
('BLT000336', '20:10:00', '2017-02-28'),
('BLT000337', '17:15:00', '2017-05-27'),
('BLT000338', '10:54:00', '2017-03-24'),
('BLT000339', '18:25:00', '2017-05-15'),
('BLT000340', '14:58:00', '2017-05-26'),
('BLT000341', '17:13:00', '2017-03-22'),
('BLT000342', '11:22:00', '2017-03-12'),
('BLT000343', '15:42:00', '2017-04-15'),
('BLT000344', '13:01:00', '2017-04-23'),
('BLT000345', '20:04:00', '2017-03-01'),
('BLT000346', '09:18:00', '2017-01-29'),
('BLT000347', '09:02:00', '2017-03-13'),
('BLT000348', '16:30:00', '2017-01-28'),
('BLT000349', '09:57:00', '2017-01-01'),
('BLT000350', '11:42:00', '2017-04-11'),
('BLT000351', '09:00:00', '2017-05-28'),
('BLT000352', '13:44:00', '2017-05-10'),
('BLT000353', '17:00:00', '2017-01-15'),
('BLT000354', '18:38:00', '2017-04-14'),
('BLT000355', '19:16:00', '2017-03-25'),
('BLT000356', '16:16:00', '2017-04-23'),
('BLT000357', '17:17:00', '2017-05-03'),
('BLT000358', '16:00:00', '2017-03-22'),
('BLT000359', '11:04:00', '2017-03-04'),
('BLT000360', '18:44:00', '2017-05-29'),
('BLT000361', '12:12:00', '2017-03-03'),
('BLT000362', '15:07:00', '2017-05-25'),
('BLT000363', '20:39:00', '2017-03-14'),
('BLT000364', '18:32:00', '2017-05-28'),
('BLT000365', '12:02:00', '2017-02-16'),
('BLT000366', '15:11:00', '2017-01-04'),
('BLT000367', '19:13:00', '2017-04-27'),
('BLT000368', '16:09:00', '2017-03-24'),
('BLT000369', '20:20:00', '2017-01-09'),
('BLT000370', '16:59:00', '2017-02-19'),
('BLT000371', '15:32:00', '2017-01-24'),
('BLT000372', '17:30:00', '2017-03-04'),
('BLT000373', '15:04:00', '2017-01-03'),
('BLT000374', '11:15:00', '2017-05-05'),
('BLT000375', '19:16:00', '2017-05-30'),
('BLT000376', '11:49:00', '2017-01-06'),
('BLT000377', '09:28:00', '2017-01-26'),
('BLT000378', '12:24:00', '2017-02-27'),
('BLT000379', '16:22:00', '2017-05-03'),
('BLT000380', '17:12:00', '2017-04-08'),
('BLT000381', '09:54:00', '2017-03-20'),
('BLT000382', '12:30:00', '2017-04-08'),
('BLT000383', '16:12:00', '2017-05-09'),
('BLT000384', '20:48:00', '2017-01-22'),
('BLT000385', '09:01:00', '2017-03-21'),
('BLT000386', '18:06:00', '2017-03-02'),
('BLT000387', '09:44:00', '2017-04-29'),
('BLT000388', '17:02:00', '2017-04-03'),
('BLT000389', '14:06:00', '2017-01-16'),
('BLT000390', '16:06:00', '2017-02-28'),
('BLT000391', '11:24:00', '2017-02-14'),
('BLT000392', '18:14:00', '2017-03-06'),
('BLT000393', '14:01:00', '2017-05-27'),
('BLT000394', '11:51:00', '2017-02-02'),
('BLT000395', '11:59:00', '2017-05-19'),
('BLT000396', '09:11:00', '2017-04-06'),
('BLT000397', '20:39:00', '2017-04-16'),
('BLT000398', '16:20:00', '2017-03-13'),
('BLT000399', '17:57:00', '2017-04-16'),
('BLT000400', '17:43:00', '2017-05-03'),
('BLT000401', '17:25:00', '2017-03-30'),
('BLT000402', '20:38:00', '2017-05-10'),
('BLT000403', '09:50:00', '2017-05-14'),
('BLT000404', '16:42:00', '2017-05-30'),
('BLT000405', '12:06:00', '2017-03-27'),
('BLT000406', '19:44:00', '2017-02-05'),
('BLT000407', '19:00:00', '2017-04-08'),
('BLT000408', '09:33:00', '2017-03-06'),
('BLT000409', '12:32:00', '2017-05-02'),
('BLT000410', '19:50:00', '2017-04-13'),
('BLT000411', '19:36:00', '2017-03-06'),
('BLT000412', '15:31:00', '0000-00-00'),
('BLT000413', '16:41:00', '2017-02-21'),
('BLT000414', '09:47:00', '2017-05-06'),
('BLT000415', '18:30:00', '2017-03-29'),
('BLT000416', '10:37:00', '2017-04-05'),
('BLT000417', '16:20:00', '2017-04-13'),
('BLT000418', '09:50:00', '2017-05-19'),
('BLT000419', '20:44:00', '2017-05-30'),
('BLT000420', '10:10:00', '2017-03-13'),
('BLT000421', '17:26:00', '2017-03-30'),
('BLT000422', '20:01:00', '2017-03-16'),
('BLT000423', '09:21:00', '2017-05-30'),
('BLT000424', '16:53:00', '2017-04-13'),
('BLT000425', '12:45:00', '2017-03-30'),
('BLT000426', '14:25:00', '2017-05-16'),
('BLT000427', '11:24:00', '2017-03-10'),
('BLT000428', '13:55:00', '2017-04-21'),
('BLT000429', '11:54:00', '2017-04-18'),
('BLT000430', '11:00:00', '2017-02-13'),
('BLT000431', '11:26:00', '2017-01-14'),
('BLT000432', '16:08:00', '2017-03-03'),
('BLT000433', '18:05:00', '2017-02-26'),
('BLT000434', '17:19:00', '2017-02-12'),
('BLT000435', '17:42:00', '2017-01-16'),
('BLT000436', '15:01:00', '2017-02-06'),
('BLT000437', '15:04:00', '2017-04-20'),
('BLT000438', '14:43:00', '2017-05-06'),
('BLT000439', '19:19:00', '2017-01-25'),
('BLT000440', '17:24:00', '2017-03-21'),
('BLT000441', '17:47:00', '2017-04-17'),
('BLT000442', '16:42:00', '2017-01-14'),
('BLT000443', '17:09:00', '2017-02-20'),
('BLT000444', '17:15:00', '2017-03-21'),
('BLT000445', '15:57:00', '2017-03-11'),
('BLT000446', '14:09:00', '2017-03-05'),
('BLT000447', '16:44:00', '2017-03-05'),
('BLT000448', '17:43:00', '2017-03-11'),
('BLT000449', '17:54:00', '2017-03-02'),
('BLT000450', '19:33:00', '2017-03-28'),
('BLT000451', '12:31:00', '2017-03-23'),
('BLT000452', '10:30:00', '2017-03-16'),
('BLT000453', '12:13:00', '2017-03-22'),
('BLT000454', '17:51:00', '2017-03-21'),
('BLT000455', '13:07:00', '2017-03-23'),
('BLT000456', '15:38:00', '2017-03-08'),
('BLT000457', '19:19:00', '2017-03-11'),
('BLT000458', '17:31:00', '2017-03-03'),
('BLT000459', '18:44:00', '2017-03-05'),
('BLT000460', '16:05:00', '2017-03-20'),
('BLT000461', '11:10:00', '2017-03-04'),
('BLT000462', '10:27:00', '2017-03-24'),
('BLT000463', '17:04:00', '2017-03-23'),
('BLT000464', '18:39:00', '2017-03-21'),
('BLT000465', '17:21:00', '2017-03-26'),
('BLT000466', '16:27:00', '2017-03-22'),
('BLT000467', '10:18:00', '2017-03-10'),
('BLT000468', '13:16:00', '2017-03-05'),
('BLT000469', '17:00:00', '2017-03-22'),
('BLT000470', '17:30:00', '2017-03-27'),
('BLT000471', '13:39:00', '2017-03-01'),
('BLT000472', '16:38:00', '2017-03-07'),
('BLT000473', '10:41:00', '2017-03-25'),
('BLT000474', '14:22:00', '2017-03-23'),
('BLT000475', '16:52:00', '2017-03-19'),
('BLT000476', '12:13:00', '2017-03-07'),
('BLT000477', '11:28:00', '2017-03-08'),
('BLT000478', '15:38:00', '2017-03-19'),
('BLT000479', '19:51:00', '2017-03-07'),
('BLT000480', '09:45:00', '2017-03-04'),
('BLT000481', '12:02:00', '2017-03-03'),
('BLT000482', '14:01:00', '2017-03-07'),
('BLT000483', '16:27:00', '2017-03-17'),
('BLT000484', '12:11:00', '2017-03-05'),
('BLT000485', '10:51:00', '2017-03-04'),
('BLT000486', '12:04:00', '2017-03-22'),
('BLT000487', '15:34:00', '2017-03-02'),
('BLT000488', '13:50:00', '2017-03-15'),
('BLT000489', '11:44:00', '2017-03-29'),
('BLT000490', '12:50:00', '2017-03-18'),
('BLT000491', '10:46:00', '2017-03-10'),
('BLT000492', '13:56:00', '2017-03-12'),
('BLT000493', '09:07:00', '2017-03-24'),
('BLT000494', '10:30:00', '2017-03-22'),
('BLT000495', '18:06:00', '2017-03-09'),
('BLT000496', '16:03:00', '2017-03-17'),
('BLT000497', '19:22:00', '2017-03-16'),
('BLT000498', '13:05:00', '2017-03-07'),
('BLT000499', '15:28:00', '2017-03-11'),
('BLT000500', '15:58:00', '2017-03-17'),
('BLT000501', '16:03:00', '2017-03-23'),
('BLT000502', '17:08:00', '2017-03-21'),
('BLT000503', '13:19:00', '2017-03-09'),
('BLT000504', '09:34:00', '2017-03-28'),
('BLT000505', '15:51:00', '2017-03-21'),
('BLT000506', '16:33:00', '2017-03-13'),
('BLT000507', '18:01:00', '2017-03-30'),
('BLT000508', '16:03:00', '2017-03-12'),
('BLT000509', '16:45:00', '2017-03-16'),
('BLT000510', '11:08:00', '2017-03-24'),
('BLT000511', '09:37:00', '2017-03-17'),
('BLT000512', '17:33:00', '2017-03-17'),
('BLT000513', '11:52:00', '2017-03-14'),
('BLT000514', '12:30:00', '2017-03-03'),
('BLT000515', '09:44:00', '2017-03-16'),
('BLT000516', '09:50:00', '2017-03-24'),
('BLT000517', '09:24:00', '2017-03-15');

--
-- Índices para tablas volcadas
--

--
-- Indices de la tabla `ADQUIERE`
--
ALTER TABLE `ADQUIERE`
  ADD PRIMARY KEY (`NroBoleta`,`Rut`,`RutVendedor`,`Codigo`),
  ADD KEY `Rut` (`Rut`),
  ADD KEY `RutVendedor` (`RutVendedor`),
  ADD KEY `Codigo` (`Codigo`);

--
-- Indices de la tabla `AGRUPA`
--
ALTER TABLE `AGRUPA`
  ADD PRIMARY KEY (`Numero`,`Codigo`),
  ADD KEY `Codigo` (`Codigo`);

--
-- Indices de la tabla `CATEGORIA`
--
ALTER TABLE `CATEGORIA`
  ADD PRIMARY KEY (`Identificador`);

--
-- Indices de la tabla `CLIENTE`
--
ALTER TABLE `CLIENTE`
  ADD PRIMARY KEY (`Rut`);

--
-- Indices de la tabla `COLEGIO`
--
ALTER TABLE `COLEGIO`
  ADD PRIMARY KEY (`Nombre`);

--
-- Indices de la tabla `ESTANTE`
--
ALTER TABLE `ESTANTE`
  ADD PRIMARY KEY (`Codigo`),
  ADD KEY `IdCategoria` (`IdCategoria`);

--
-- Indices de la tabla `INCLUYE`
--
ALTER TABLE `INCLUYE`
  ADD PRIMARY KEY (`NroBoleta`,`RutCliente`,`Anio`,`Curso`,`Nombre`),
  ADD KEY `Anio` (`Anio`),
  ADD KEY `Curso` (`Curso`),
  ADD KEY `RutCliente` (`RutCliente`);

--
-- Indices de la tabla `ITEM`
--
ALTER TABLE `ITEM`
  ADD PRIMARY KEY (`Codigo`);

--
-- Indices de la tabla `LIBRO`
--
ALTER TABLE `LIBRO`
  ADD PRIMARY KEY (`Codigo`),
  ADD KEY `IdCategoría` (`IdCategoria`);

--
-- Indices de la tabla `LIBRO_DE_ESTUDIO`
--
ALTER TABLE `LIBRO_DE_ESTUDIO`
  ADD PRIMARY KEY (`CodigoLibro`,`Anio`,`Curso`),
  ADD KEY `Anio` (`Anio`);

--
-- Indices de la tabla `LISTA_DE_LIBROS`
--
ALTER TABLE `LISTA_DE_LIBROS`
  ADD PRIMARY KEY (`Anio`,`Curso`,`NombreColegio`),
  ADD KEY `NombreColegio` (`NombreColegio`);

--
-- Indices de la tabla `ORDEN_DE_COMPRA`
--
ALTER TABLE `ORDEN_DE_COMPRA`
  ADD PRIMARY KEY (`Numero`),
  ADD KEY `RutEmpresa` (`RutEmpresa`);

--
-- Indices de la tabla `PERSONAL`
--
ALTER TABLE `PERSONAL`
  ADD PRIMARY KEY (`RutPersonal`);

--
-- Indices de la tabla `PROVEEDOR`
--
ALTER TABLE `PROVEEDOR`
  ADD PRIMARY KEY (`RutEmpresa`);

--
-- Indices de la tabla `VENTA`
--
ALTER TABLE `VENTA`
  ADD PRIMARY KEY (`NroBoleta`);

--
-- Restricciones para tablas volcadas
--

--
-- Filtros para la tabla `ADQUIERE`
--
ALTER TABLE `ADQUIERE`
  ADD CONSTRAINT `ADQUIERE_ibfk_1` FOREIGN KEY (`NroBoleta`) REFERENCES `VENTA` (`NroBoleta`) ON DELETE CASCADE ON UPDATE CASCADE,
  ADD CONSTRAINT `ADQUIERE_ibfk_2` FOREIGN KEY (`Rut`) REFERENCES `CLIENTE` (`Rut`) ON DELETE CASCADE ON UPDATE CASCADE,
  ADD CONSTRAINT `ADQUIERE_ibfk_3` FOREIGN KEY (`RutVendedor`) REFERENCES `PERSONAL` (`RutPersonal`) ON DELETE CASCADE ON UPDATE CASCADE,
  ADD CONSTRAINT `ADQUIERE_ibfk_4` FOREIGN KEY (`Codigo`) REFERENCES `LIBRO` (`Codigo`) ON DELETE CASCADE ON UPDATE CASCADE;

--
-- Filtros para la tabla `AGRUPA`
--
ALTER TABLE `AGRUPA`
  ADD CONSTRAINT `AGRUPA_ibfk_1` FOREIGN KEY (`Numero`) REFERENCES `ORDEN_DE_COMPRA` (`Numero`) ON DELETE CASCADE ON UPDATE CASCADE,
  ADD CONSTRAINT `AGRUPA_ibfk_2` FOREIGN KEY (`Codigo`) REFERENCES `ITEM` (`Codigo`) ON DELETE CASCADE ON UPDATE CASCADE;

--
-- Filtros para la tabla `ESTANTE`
--
ALTER TABLE `ESTANTE`
  ADD CONSTRAINT `ESTANTE_ibfk_1` FOREIGN KEY (`Codigo`) REFERENCES `ITEM` (`Codigo`) ON DELETE CASCADE ON UPDATE CASCADE,
  ADD CONSTRAINT `ESTANTE_ibfk_2` FOREIGN KEY (`IdCategoria`) REFERENCES `CATEGORIA` (`Identificador`) ON DELETE CASCADE ON UPDATE CASCADE;

--
-- Filtros para la tabla `INCLUYE`
--
ALTER TABLE `INCLUYE`
  ADD CONSTRAINT `INCLUYE_ibfk_1` FOREIGN KEY (`NroBoleta`) REFERENCES `VENTA` (`NroBoleta`) ON DELETE CASCADE ON UPDATE CASCADE,
  ADD CONSTRAINT `INCLUYE_ibfk_3` FOREIGN KEY (`Anio`) REFERENCES `LISTA_DE_LIBROS` (`Anio`) ON DELETE CASCADE ON UPDATE CASCADE,
  ADD CONSTRAINT `INCLUYE_ibfk_4` FOREIGN KEY (`RutCliente`) REFERENCES `CLIENTE` (`Rut`) ON DELETE CASCADE ON UPDATE CASCADE;

--
-- Filtros para la tabla `LIBRO`
--
ALTER TABLE `LIBRO`
  ADD CONSTRAINT `LIBRO_ibfk_1` FOREIGN KEY (`Codigo`) REFERENCES `ITEM` (`Codigo`) ON DELETE CASCADE ON UPDATE CASCADE,
  ADD CONSTRAINT `LIBRO_ibfk_2` FOREIGN KEY (`IdCategoria`) REFERENCES `CATEGORIA` (`Identificador`) ON DELETE CASCADE ON UPDATE CASCADE;

--
-- Filtros para la tabla `LIBRO_DE_ESTUDIO`
--
ALTER TABLE `LIBRO_DE_ESTUDIO`
  ADD CONSTRAINT `LIBRO_DE_ESTUDIO_ibfk_1` FOREIGN KEY (`CodigoLibro`) REFERENCES `LIBRO` (`Codigo`) ON DELETE CASCADE ON UPDATE CASCADE,
  ADD CONSTRAINT `LIBRO_DE_ESTUDIO_ibfk_2` FOREIGN KEY (`Anio`) REFERENCES `LISTA_DE_LIBROS` (`Anio`) ON DELETE CASCADE ON UPDATE CASCADE;

--
-- Filtros para la tabla `LISTA_DE_LIBROS`
--
ALTER TABLE `LISTA_DE_LIBROS`
  ADD CONSTRAINT `LISTA_DE_LIBROS_ibfk_1` FOREIGN KEY (`NombreColegio`) REFERENCES `COLEGIO` (`Nombre`) ON DELETE CASCADE ON UPDATE CASCADE;

--
-- Filtros para la tabla `ORDEN_DE_COMPRA`
--
ALTER TABLE `ORDEN_DE_COMPRA`
  ADD CONSTRAINT `ORDEN_DE_COMPRA_ibfk_1` FOREIGN KEY (`RutEmpresa`) REFERENCES `PROVEEDOR` (`RutEmpresa`) ON DELETE CASCADE ON UPDATE CASCADE;

/*!40101 SET CHARACTER_SET_CLIENT=@OLD_CHARACTER_SET_CLIENT */;
/*!40101 SET CHARACTER_SET_RESULTS=@OLD_CHARACTER_SET_RESULTS */;
/*!40101 SET COLLATION_CONNECTION=@OLD_COLLATION_CONNECTION */;
